YEAR,DAY_OF_WEEK,FL_DATE,MKT_CARRIER_AIRLINE_ID,ORIGIN_AIRPORT_ID,ORIGIN_AIRPORT_SEQ_ID,ORIGIN_CITY_MARKET_ID,ORIGIN_CITY_NAME,ORIGIN_STATE_ABR,DEST_AIRPORT_ID,DEST_AIRPORT_SEQ_ID,DEST_CITY_MARKET_ID,DEST_CITY_NAME,DEST_STATE_ABR,CRS_DEP_TIME,DEP_TIME,TAXI_OUT,WHEELS_OFF,WHEELS_ON,TAXI_IN,CRS_ARR_TIME,ARR_TIME,CANCELLED,DIVERTED,CRS_ELAPSED_TIME,ACTUAL_ELAPSED_TIME,DISTANCE,CARRIER_DELAY,WEATHER_DELAY,NAS_DELAY,SECURITY_DELAY,LATE_AIRCRAFT_DELAY
2023,1,1/2/23 0:00,19393,10140,1014005,30140,"Albuquerque, NM",NM,10423,1042302,30423,"Austin, TX",TX,1115,1137,14,1151,1417,4,1355,1421,0,0,100,104,619,22,0,4,0,0
2023,1,1/2/23 0:00,19393,10140,1014005,30140,"Albuquerque, NM",NM,10423,1042302,30423,"Austin, TX",TX,1435,1435,10,1445,1703,18,1715,1721,0,0,100,106,619,,,,,
2023,1,1/2/23 0:00,19393,10140,1014005,30140,"Albuquerque, NM",NM,10800,1080003,32575,"Burbank, CA",CA,1900,1902,9,1911,2000,3,2005,2003,0,0,125,121,672,,,,,
2023,1,1/2/23 0:00,19393,10140,1014005,30140,"Albuquerque, NM",NM,10821,1082106,30852,"Baltimore, MD",MD,1555,1559,11,1610,2125,14,2130,2139,0,0,215,220,1670,,,,,
2023,1,1/2/23 0:00,19393,10140,1014005,30140,"Albuquerque, NM",NM,11259,1125904,30194,"Dallas, TX",TX,645,643,9,652,915,4,930,919,0,0,105,96,580,,,,,
2023,1,1/2/23 0:00,19393,10140,1014005,30140,"Albuquerque, NM",NM,11259,1125904,30194,"Dallas, TX",TX,945,939,10,949,1213,3,1230,1216,0,0,105,97,580,,,,,
2023,1,1/2/23 0:00,19393,10140,1014005,30140,"Albuquerque, NM",NM,11259,1125904,30194,"Dallas, TX",TX,1235,1345,9,1354,1614,5,1520,1619,0,0,105,94,580,0,0,59,0,0
2023,1,1/2/23 0:00,19393,10140,1014005,30140,"Albuquerque, NM",NM,11259,1125904,30194,"Dallas, TX",TX,1415,1547,8,1555,1814,7,1655,1821,0,0,100,94,580,0,0,84,0,2
2023,1,1/2/23 0:00,19393,10140,1014005,30140,"Albuquerque, NM",NM,11259,1125904,30194,"Dallas, TX",TX,1715,1800,9,1809,2031,7,2000,2038,0,0,105,98,580,3,0,0,0,35
2023,1,1/2/23 0:00,19393,10140,1014005,30140,"Albuquerque, NM",NM,11292,1129202,30325,"Denver, CO",CO,715,,,,,,840,,1,0,85,,349,,,,,
2023,1,1/2/23 0:00,19393,10140,1014005,30140,"Albuquerque, NM",NM,11292,1129202,30325,"Denver, CO",CO,1025,1114,12,1126,1222,6,1150,1228,0,0,85,74,349,0,38,0,0,0
2023,1,1/2/23 0:00,19393,10140,1014005,30140,"Albuquerque, NM",NM,11292,1129202,30325,"Denver, CO",CO,1645,1742,11,1753,1851,15,1810,1906,0,0,85,84,349,12,0,0,0,44
2023,1,1/2/23 0:00,19393,10140,1014005,30140,"Albuquerque, NM",NM,11292,1129202,30325,"Denver, CO",CO,2015,2156,9,2205,2302,8,2140,2310,0,0,85,74,349,0,0,0,0,90
2023,1,1/2/23 0:00,19393,10140,1014005,30140,"Albuquerque, NM",NM,12191,1219103,31453,"Houston, TX",TX,700,659,13,712,957,5,1005,1002,0,0,125,123,759,,,,,
2023,1,1/2/23 0:00,19393,10140,1014005,30140,"Albuquerque, NM",NM,12191,1219103,31453,"Houston, TX",TX,1620,1705,10,1715,1953,11,1915,2004,0,0,115,119,759,0,0,4,0,45
2023,1,1/2/23 0:00,19393,10140,1014005,30140,"Albuquerque, NM",NM,12889,1288904,32211,"Las Vegas, NV",NV,600,556,8,604,615,6,645,621,0,0,105,85,486,,,,,
2023,1,1/2/23 0:00,19393,10140,1014005,30140,"Albuquerque, NM",NM,12889,1288904,32211,"Las Vegas, NV",NV,1100,1056,9,1105,1118,5,1140,1123,0,0,100,87,486,,,,,
2023,1,1/2/23 0:00,19393,10140,1014005,30140,"Albuquerque, NM",NM,12889,1288904,32211,"Las Vegas, NV",NV,1350,1402,9,1411,1423,4,1430,1427,0,0,100,85,486,,,,,
2023,1,1/2/23 0:00,19393,10140,1014005,30140,"Albuquerque, NM",NM,12889,1288904,32211,"Las Vegas, NV",NV,1820,1912,9,1921,1936,5,1900,1941,0,0,100,89,486,0,0,0,0,41
2023,1,1/2/23 0:00,19393,10140,1014005,30140,"Albuquerque, NM",NM,12892,1289208,32575,"Los Angeles, CA",CA,1540,1541,8,1549,1630,9,1645,1639,0,0,125,118,677,,,,,
2023,1,1/2/23 0:00,19393,10140,1014005,30140,"Albuquerque, NM",NM,13232,1323202,30977,"Chicago, IL",IL,1210,1420,7,1427,1735,3,1545,1738,0,0,155,138,1121,0,0,0,0,113
2023,1,1/2/23 0:00,19393,10140,1014005,30140,"Albuquerque, NM",NM,13796,1379609,32457,"Oakland, CA",CA,530,533,14,547,658,5,710,703,0,0,160,150,889,,,,,
2023,1,1/2/23 0:00,19393,10140,1014005,30140,"Albuquerque, NM",NM,14107,1410702,30466,"Phoenix, AZ",AZ,545,537,12,549,644,4,715,648,0,0,90,71,328,,,,,
2023,1,1/2/23 0:00,19393,10140,1014005,30140,"Albuquerque, NM",NM,14107,1410702,30466,"Phoenix, AZ",AZ,1130,1156,12,1208,1259,5,1300,1304,0,0,90,68,328,,,,,
2023,1,1/2/23 0:00,19393,10140,1014005,30140,"Albuquerque, NM",NM,14107,1410702,30466,"Phoenix, AZ",AZ,1935,1949,13,2002,2059,7,2100,2106,0,0,85,77,328,,,,,
2023,1,1/2/23 0:00,19393,10140,1014005,30140,"Albuquerque, NM",NM,14679,1467903,33570,"San Diego, CA",CA,1030,1029,14,1043,1115,3,1125,1118,0,0,115,109,628,,,,,
2023,1,1/2/23 0:00,19393,10140,1014005,30140,"Albuquerque, NM",NM,14679,1467903,33570,"San Diego, CA",CA,1635,1657,11,1708,1741,3,1730,1744,0,0,115,107,628,,,,,
2023,1,1/2/23 0:00,19393,10257,1025702,30257,"Albany, NY",NY,10821,1082106,30852,"Baltimore, MD",MD,520,520,10,530,625,6,650,631,0,0,90,71,289,,,,,
2023,1,1/2/23 0:00,19393,10257,1025702,30257,"Albany, NY",NY,10821,1082106,30852,"Baltimore, MD",MD,935,931,7,938,1033,4,1055,1037,0,0,80,66,289,,,,,
2023,1,1/2/23 0:00,19393,10257,1025702,30257,"Albany, NY",NY,10821,1082106,30852,"Baltimore, MD",MD,1240,1236,7,1243,1336,9,1355,1345,0,0,75,69,289,,,,,
2023,1,1/2/23 0:00,19393,10257,1025702,30257,"Albany, NY",NY,10821,1082106,30852,"Baltimore, MD",MD,1735,1740,7,1747,1842,5,1855,1847,0,0,80,67,289,,,,,
2023,1,1/2/23 0:00,19393,10257,1025702,30257,"Albany, NY",NY,11292,1129202,30325,"Denver, CO",CO,1700,1715,6,1721,1928,12,1920,1940,0,0,260,265,1610,0,0,5,0,15
2023,1,1/2/23 0:00,19393,10257,1025702,30257,"Albany, NY",NY,13204,1320402,31454,"Orlando, FL",FL,1255,1435,10,1445,1708,4,1555,1712,0,0,180,157,1073,0,0,77,0,0
2023,1,1/2/23 0:00,19393,10257,1025702,30257,"Albany, NY",NY,13232,1323202,30977,"Chicago, IL",IL,500,455,10,505,818,5,625,823,0,1,145,,717,,,,,
2023,1,1/2/23 0:00,19393,10257,1025702,30257,"Albany, NY",NY,13232,1323202,30977,"Chicago, IL",IL,2015,2211,6,2217,2333,5,2135,2338,0,0,140,147,717,0,0,7,0,116
2023,1,1/2/23 0:00,19393,10279,1027903,30279,"Amarillo, TX",TX,10423,1042302,30423,"Austin, TX",TX,645,643,7,650,755,4,755,759,0,0,70,76,418,,,,,
2023,1,1/2/23 0:00,19393,10279,1027903,30279,"Amarillo, TX",TX,11259,1125904,30194,"Dallas, TX",TX,535,534,10,544,636,18,650,654,0,0,75,80,323,,,,,
2023,1,1/2/23 0:00,19393,10279,1027903,30279,"Amarillo, TX",TX,11259,1125904,30194,"Dallas, TX",TX,1035,1027,12,1039,1136,5,1150,1141,0,0,75,74,323,,,,,
2023,1,1/2/23 0:00,19393,10279,1027903,30279,"Amarillo, TX",TX,11259,1125904,30194,"Dallas, TX",TX,1350,1413,13,1426,1520,3,1510,1523,0,0,80,70,323,,,,,
2023,1,1/2/23 0:00,19393,10279,1027903,30279,"Amarillo, TX",TX,11259,1125904,30194,"Dallas, TX",TX,1915,1956,7,2003,2056,3,2030,2059,0,0,75,63,323,0,0,0,0,29
2023,1,1/2/23 0:00,19393,10279,1027903,30279,"Amarillo, TX",TX,11292,1129202,30325,"Denver, CO",CO,2125,,,,,,2150,,1,0,85,,359,,,,,
2023,1,1/2/23 0:00,19393,10279,1027903,30279,"Amarillo, TX",TX,12889,1288904,32211,"Las Vegas, NV",NV,1510,1545,9,1554,1545,4,1520,1549,0,0,130,124,758,0,0,0,0,29
2023,1,1/2/23 0:00,19393,10397,1039707,30397,"Atlanta, GA",GA,10423,1042302,30423,"Austin, TX",TX,840,839,8,847,948,5,1025,953,0,0,165,134,813,,,,,
2023,1,1/2/23 0:00,19393,10397,1039707,30397,"Atlanta, GA",GA,10423,1042302,30423,"Austin, TX",TX,1520,1520,11,1531,1642,9,1655,1651,0,0,155,151,813,,,,,
2023,1,1/2/23 0:00,19393,10397,1039707,30397,"Atlanta, GA",GA,10423,1042302,30423,"Austin, TX",TX,2030,2030,10,2040,2145,6,2205,2151,0,0,155,141,813,,,,,
2023,1,1/2/23 0:00,19393,10397,1039707,30397,"Atlanta, GA",GA,10693,1069302,30693,"Nashville, TN",TN,1655,1711,8,1719,1659,7,1705,1706,0,0,70,55,214,,,,,
2023,1,1/2/23 0:00,19393,10397,1039707,30397,"Atlanta, GA",GA,10821,1082106,30852,"Baltimore, MD",MD,700,656,8,704,824,2,845,826,0,0,105,90,577,,,,,
2023,1,1/2/23 0:00,19393,10397,1039707,30397,"Atlanta, GA",GA,10821,1082106,30852,"Baltimore, MD",MD,915,917,10,927,1044,4,1100,1048,0,0,105,91,577,,,,,
2023,1,1/2/23 0:00,19393,10397,1039707,30397,"Atlanta, GA",GA,10821,1082106,30852,"Baltimore, MD",MD,1355,1715,14,1729,1845,4,1540,1849,0,0,105,94,577,189,0,0,0,0
2023,1,1/2/23 0:00,19393,10397,1039707,30397,"Atlanta, GA",GA,10821,1082106,30852,"Baltimore, MD",MD,1940,1956,11,2007,2123,5,2125,2128,0,0,105,92,577,,,,,
2023,1,1/2/23 0:00,19393,10397,1039707,30397,"Atlanta, GA",GA,10821,1082106,30852,"Baltimore, MD",MD,2235,120,7,127,243,4,20,247,0,0,105,87,577,0,3,0,0,144
2023,1,1/2/23 0:00,19393,10397,1039707,30397,"Atlanta, GA",GA,11042,1104205,30647,"Cleveland, OH",OH,1900,1926,9,1935,2049,5,2040,2054,0,0,100,88,554,,,,,
2023,1,1/2/23 0:00,19393,10397,1039707,30397,"Atlanta, GA",GA,11066,1106606,31066,"Columbus, OH",OH,1350,1440,10,1450,1555,5,1525,1600,0,0,95,80,447,4,0,0,0,31
2023,1,1/2/23 0:00,19393,10397,1039707,30397,"Atlanta, GA",GA,11259,1125904,30194,"Dallas, TX",TX,745,748,13,801,847,4,905,851,0,0,140,123,721,,,,,
2023,1,1/2/23 0:00,19393,10397,1039707,30397,"Atlanta, GA",GA,11259,1125904,30194,"Dallas, TX",TX,1000,1001,12,1013,1108,5,1120,1113,0,0,140,132,721,,,,,
2023,1,1/2/23 0:00,19393,10397,1039707,30397,"Atlanta, GA",GA,11259,1125904,30194,"Dallas, TX",TX,1505,1700,11,1711,1830,6,1625,1836,0,0,140,156,721,0,0,131,0,0
2023,1,1/2/23 0:00,19393,10397,1039707,30397,"Atlanta, GA",GA,11259,1125904,30194,"Dallas, TX",TX,1845,1851,13,1904,2019,6,2005,2025,0,0,140,154,721,6,0,14,0,0
2023,1,1/2/23 0:00,19393,10397,1039707,30397,"Atlanta, GA",GA,11259,1125904,30194,"Dallas, TX",TX,2020,2021,10,2031,2132,4,2145,2136,0,0,145,135,721,,,,,
2023,1,1/2/23 0:00,19393,10397,1039707,30397,"Atlanta, GA",GA,11278,1127805,30852,"Washington, DC",VA,815,813,11,824,941,4,1000,945,0,0,105,92,547,,,,,
2023,1,1/2/23 0:00,19393,10397,1039707,30397,"Atlanta, GA",GA,11278,1127805,30852,"Washington, DC",VA,1100,1124,18,1142,1300,3,1245,1303,0,0,105,99,547,0,0,0,0,18
2023,1,1/2/23 0:00,19393,10397,1039707,30397,"Atlanta, GA",GA,11278,1127805,30852,"Washington, DC",VA,1605,1636,19,1655,1812,7,1745,1819,0,0,100,103,547,18,0,3,0,13
2023,1,1/2/23 0:00,19393,10397,1039707,30397,"Atlanta, GA",GA,11278,1127805,30852,"Washington, DC",VA,2040,2049,12,2101,2216,4,2220,2220,0,0,100,91,547,,,,,
2023,1,1/2/23 0:00,19393,10397,1039707,30397,"Atlanta, GA",GA,11292,1129202,30325,"Denver, CO",CO,625,631,10,641,726,9,755,735,0,0,210,184,1199,,,,,
2023,1,1/2/23 0:00,19393,10397,1039707,30397,"Atlanta, GA",GA,11292,1129202,30325,"Denver, CO",CO,1305,1305,10,1315,1402,47,1430,1449,0,0,205,224,1199,0,0,19,0,0
2023,1,1/2/23 0:00,19393,10397,1039707,30397,"Atlanta, GA",GA,11292,1129202,30325,"Denver, CO",CO,1820,1832,13,1845,1941,12,1950,1953,0,0,210,201,1199,,,,,
2023,1,1/2/23 0:00,19393,10397,1039707,30397,"Atlanta, GA",GA,11292,1129202,30325,"Denver, CO",CO,2230,110,8,118,159,8,2355,207,0,0,205,177,1199,94,0,0,0,38
2023,1,1/2/23 0:00,19393,10397,1039707,30397,"Atlanta, GA",GA,11697,1169706,32467,"Fort Lauderdale, FL",FL,750,756,8,804,928,3,950,931,0,0,120,95,581,,,,,
2023,1,1/2/23 0:00,19393,10397,1039707,30397,"Atlanta, GA",GA,11697,1169706,32467,"Fort Lauderdale, FL",FL,955,952,24,1016,1137,4,1150,1141,0,0,115,109,581,,,,,
2023,1,1/2/23 0:00,19393,10397,1039707,30397,"Atlanta, GA",GA,11697,1169706,32467,"Fort Lauderdale, FL",FL,2035,2049,11,2100,2223,5,2225,2228,0,0,110,99,581,,,,,
2023,1,1/2/23 0:00,19393,10397,1039707,30397,"Atlanta, GA",GA,11996,1199603,31871,"Greer, SC",SC,950,954,12,1006,1032,3,1045,1035,0,0,55,41,153,,,,,
2023,1,1/2/23 0:00,19393,10397,1039707,30397,"Atlanta, GA",GA,11996,1199603,31871,"Greer, SC",SC,2230,2341,8,2349,18,1,2325,19,0,0,55,38,153,0,0,0,0,54
2023,1,1/2/23 0:00,19393,10397,1039707,30397,"Atlanta, GA",GA,12191,1219103,31453,"Houston, TX",TX,600,559,7,606,650,5,720,655,0,0,140,116,696,,,,,
2023,1,1/2/23 0:00,19393,10397,1039707,30397,"Atlanta, GA",GA,12191,1219103,31453,"Houston, TX",TX,1240,1243,11,1254,1342,6,1355,1348,0,0,135,125,696,,,,,
2023,1,1/2/23 0:00,19393,10397,1039707,30397,"Atlanta, GA",GA,12191,1219103,31453,"Houston, TX",TX,1805,1905,12,1917,2011,6,1925,2017,0,0,140,132,696,0,0,0,0,52
2023,1,1/2/23 0:00,19393,10397,1039707,30397,"Atlanta, GA",GA,12191,1219103,31453,"Houston, TX",TX,2100,2220,10,2230,2325,6,2220,2331,0,0,140,131,696,0,0,0,0,71
2023,1,1/2/23 0:00,19393,10397,1039707,30397,"Atlanta, GA",GA,12264,1226402,30852,"Washington, DC",VA,1000,959,24,1023,1136,5,1145,1141,0,0,105,102,534,,,,,
2023,1,1/2/23 0:00,19393,10397,1039707,30397,"Atlanta, GA",GA,12339,1233904,32337,"Indianapolis, IN",IN,745,743,9,752,901,6,915,907,0,0,90,84,432,,,,,
2023,1,1/2/23 0:00,19393,10397,1039707,30397,"Atlanta, GA",GA,12448,1244807,32448,"Jackson/Vicksburg, MS",MS,745,747,24,811,811,3,805,814,0,0,80,87,341,,,,,
2023,1,1/2/23 0:00,19393,10397,1039707,30397,"Atlanta, GA",GA,12448,1244807,32448,"Jackson/Vicksburg, MS",MS,1330,1406,10,1416,1412,3,1345,1415,0,0,75,69,341,0,0,0,0,30
2023,1,1/2/23 0:00,19393,10397,1039707,30397,"Atlanta, GA",GA,12448,1244807,32448,"Jackson/Vicksburg, MS",MS,2030,2157,11,2208,2208,3,2050,2211,0,0,80,74,341,0,0,0,0,81
2023,1,1/2/23 0:00,19393,10397,1039707,30397,"Atlanta, GA",GA,12451,1245102,31136,"Jacksonville, FL",FL,950,948,20,1008,1053,5,1110,1058,0,0,80,70,270,,,,,
2023,1,1/2/23 0:00,19393,10397,1039707,30397,"Atlanta, GA",GA,12451,1245102,31136,"Jacksonville, FL",FL,2255,12,10,22,105,6,10,111,0,0,75,59,270,0,0,0,0,61
2023,1,1/2/23 0:00,19393,10397,1039707,30397,"Atlanta, GA",GA,12889,1288904,32211,"Las Vegas, NV",NV,620,615,10,625,716,6,800,722,0,0,280,247,1747,,,,,
2023,1,1/2/23 0:00,19393,10397,1039707,30397,"Atlanta, GA",GA,12953,1295304,31703,"New York, NY",NY,615,614,9,623,803,4,825,807,0,0,130,113,762,,,,,
2023,1,1/2/23 0:00,19393,10397,1039707,30397,"Atlanta, GA",GA,12953,1295304,31703,"New York, NY",NY,1020,1019,14,1033,1214,12,1235,1226,0,0,135,127,762,,,,,
2023,1,1/2/23 0:00,19393,10397,1039707,30397,"Atlanta, GA",GA,12953,1295304,31703,"New York, NY",NY,1450,1514,11,1525,1703,6,1700,1709,0,0,130,115,762,,,,,
2023,1,1/2/23 0:00,19393,10397,1039707,30397,"Atlanta, GA",GA,12953,1295304,31703,"New York, NY",NY,2020,35,8,43,215,4,2230,219,0,0,130,104,762,53,0,0,0,176
2023,1,1/2/23 0:00,19393,10397,1039707,30397,"Atlanta, GA",GA,12992,1299206,32600,"Little Rock, AR",AR,1325,1325,8,1333,1344,3,1400,1347,0,0,95,82,453,,,,,
2023,1,1/2/23 0:00,19393,10397,1039707,30397,"Atlanta, GA",GA,13198,1319801,33198,"Kansas City, MO",MO,740,740,13,753,834,7,850,841,0,0,130,121,692,,,,,
2023,1,1/2/23 0:00,19393,10397,1039707,30397,"Atlanta, GA",GA,13198,1319801,33198,"Kansas City, MO",MO,2030,2237,11,2248,2330,3,2140,2333,0,0,130,116,692,0,0,0,0,113
2023,1,1/2/23 0:00,19393,10397,1039707,30397,"Atlanta, GA",GA,13204,1320402,31454,"Orlando, FL",FL,620,618,10,628,735,7,750,742,0,0,90,84,404,,,,,
2023,1,1/2/23 0:00,19393,10397,1039707,30397,"Atlanta, GA",GA,13204,1320402,31454,"Orlando, FL",FL,1205,1224,14,1238,1338,9,1330,1347,0,0,85,83,404,17,0,0,0,0
2023,1,1/2/23 0:00,19393,10397,1039707,30397,"Atlanta, GA",GA,13204,1320402,31454,"Orlando, FL",FL,1740,1912,10,1922,2020,30,1910,2050,0,0,90,98,404,0,0,100,0,0
2023,1,1/2/23 0:00,19393,10397,1039707,30397,"Atlanta, GA",GA,13204,1320402,31454,"Orlando, FL",FL,2225,2300,11,2311,9,15,2355,24,0,0,90,84,404,5,0,0,0,24
2023,1,1/2/23 0:00,19393,10397,1039707,30397,"Atlanta, GA",GA,13232,1323202,30977,"Chicago, IL",IL,605,923,10,933,1004,32,705,1036,0,0,120,133,591,0,0,211,0,0
2023,1,1/2/23 0:00,19393,10397,1039707,30397,"Atlanta, GA",GA,13232,1323202,30977,"Chicago, IL",IL,1155,1155,9,1204,1229,5,1245,1234,0,0,110,99,591,,,,,
2023,1,1/2/23 0:00,19393,10397,1039707,30397,"Atlanta, GA",GA,13232,1323202,30977,"Chicago, IL",IL,1555,1612,11,1623,1647,3,1650,1650,0,0,115,98,591,,,,,
2023,1,1/2/23 0:00,19393,10397,1039707,30397,"Atlanta, GA",GA,13232,1323202,30977,"Chicago, IL",IL,2005,2109,11,2120,2146,2,2100,2148,0,0,115,99,591,4,0,0,0,44
2023,1,1/2/23 0:00,19393,10397,1039707,30397,"Atlanta, GA",GA,13232,1323202,30977,"Chicago, IL",IL,2225,2234,13,2247,2340,20,2320,2400,0,0,115,146,591,0,0,31,0,9
2023,1,1/2/23 0:00,19393,10397,1039707,30397,"Atlanta, GA",GA,13244,1324402,33244,"Memphis, TN",TN,745,742,8,750,747,4,810,751,0,0,85,69,332,,,,,
2023,1,1/2/23 0:00,19393,10397,1039707,30397,"Atlanta, GA",GA,13244,1324402,33244,"Memphis, TN",TN,2030,2029,14,2043,2041,4,2050,2045,0,0,80,76,332,,,,,
2023,1,1/2/23 0:00,19393,10397,1039707,30397,"Atlanta, GA",GA,13303,1330303,32467,"Miami, FL",FL,950,948,12,1000,1127,3,1145,1130,0,0,115,102,594,,,,,
2023,1,1/2/23 0:00,19393,10397,1039707,30397,"Atlanta, GA",GA,13303,1330303,32467,"Miami, FL",FL,2235,119,12,131,255,4,25,259,0,0,110,100,594,0,0,0,10,144
2023,1,1/2/23 0:00,19393,10397,1039707,30397,"Atlanta, GA",GA,13342,1334207,33342,"Milwaukee, WI",WI,740,738,12,750,825,4,845,829,0,0,125,111,669,,,,,
2023,1,1/2/23 0:00,19393,10397,1039707,30397,"Atlanta, GA",GA,13495,1349505,33495,"New Orleans, LA",LA,750,749,11,800,813,3,825,816,0,0,95,87,425,,,,,
2023,1,1/2/23 0:00,19393,10397,1039707,30397,"Atlanta, GA",GA,13495,1349505,33495,"New Orleans, LA",LA,1335,1347,10,1357,1409,2,1410,1411,0,0,95,84,425,,,,,
2023,1,1/2/23 0:00,19393,10397,1039707,30397,"Atlanta, GA",GA,13495,1349505,33495,"New Orleans, LA",LA,2025,2316,15,2331,2343,3,2100,2346,0,0,95,90,425,14,0,0,0,152
2023,1,1/2/23 0:00,19393,10397,1039707,30397,"Atlanta, GA",GA,13851,1385103,33851,"Oklahoma City, OK",OK,1545,1711,7,1718,1810,3,1705,1813,0,0,140,122,761,68,0,0,0,0
2023,1,1/2/23 0:00,19393,10397,1039707,30397,"Atlanta, GA",GA,13871,1387102,33316,"Omaha, NE",NE,740,738,10,748,851,3,915,854,0,0,155,136,821,,,,,
2023,1,1/2/23 0:00,19393,10397,1039707,30397,"Atlanta, GA",GA,14027,1402702,34027,"West Palm Beach/Palm Beach, FL",FL,950,1006,28,1034,1154,4,1140,1158,0,0,110,112,545,0,0,12,0,6
2023,1,1/2/23 0:00,19393,10397,1039707,30397,"Atlanta, GA",GA,14100,1410005,34100,"Philadelphia, PA",PA,950,944,13,957,1126,4,1145,1130,0,0,115,106,666,,,,,
2023,1,1/2/23 0:00,19393,10397,1039707,30397,"Atlanta, GA",GA,14100,1410005,34100,"Philadelphia, PA",PA,2230,27,7,34,157,5,25,202,0,0,115,95,666,0,0,0,0,97
2023,1,1/2/23 0:00,19393,10397,1039707,30397,"Atlanta, GA",GA,14107,1410702,30466,"Phoenix, AZ",AZ,700,717,11,728,909,7,915,916,0,0,255,239,1587,,,,,
2023,1,1/2/23 0:00,19393,10397,1039707,30397,"Atlanta, GA",GA,14122,1412202,30198,"Pittsburgh, PA",PA,1255,1251,9,1300,1414,4,1430,1418,0,0,95,87,526,,,,,
2023,1,1/2/23 0:00,19393,10397,1039707,30397,"Atlanta, GA",GA,14492,1449202,34492,"Raleigh/Durham, NC",NC,950,950,9,959,1059,5,1115,1104,0,0,85,74,356,,,,,
2023,1,1/2/23 0:00,19393,10397,1039707,30397,"Atlanta, GA",GA,14492,1449202,34492,"Raleigh/Durham, NC",NC,2245,2258,14,2312,10,3,5,13,0,0,80,75,356,,,,,
2023,1,1/2/23 0:00,19393,10397,1039707,30397,"Atlanta, GA",GA,14524,1452401,34524,"Richmond, VA",VA,1025,1045,14,1059,1202,3,1200,1205,0,0,95,80,481,,,,,
2023,1,1/2/23 0:00,19393,10397,1039707,30397,"Atlanta, GA",GA,14524,1452401,34524,"Richmond, VA",VA,1525,1521,13,1534,1636,4,1650,1640,0,0,85,79,481,,,,,
2023,1,1/2/23 0:00,19393,10397,1039707,30397,"Atlanta, GA",GA,14524,1452401,34524,"Richmond, VA",VA,2240,2325,12,2337,39,6,15,45,0,0,95,80,481,5,0,0,0,25
2023,1,1/2/23 0:00,19393,10397,1039707,30397,"Atlanta, GA",GA,14635,1463502,31714,"Fort Myers, FL",FL,1635,1914,13,1927,2041,3,1820,2044,0,0,105,90,515,0,0,67,0,77
2023,1,1/2/23 0:00,19393,10397,1039707,30397,"Atlanta, GA",GA,14683,1468305,33214,"San Antonio, TX",TX,750,750,8,758,912,9,930,921,0,0,160,151,874,,,,,
2023,1,1/2/23 0:00,19393,10397,1039707,30397,"Atlanta, GA",GA,14730,1473004,33044,"Louisville, KY",KY,2035,2037,11,2048,2140,12,2150,2152,0,0,75,75,321,,,,,
2023,1,1/2/23 0:00,19393,10397,1039707,30397,"Atlanta, GA",GA,14986,1498603,34986,"Sarasota/Bradenton, FL",FL,955,952,14,1006,1109,4,1130,1113,0,0,95,81,444,,,,,
2023,1,1/2/23 0:00,19393,10397,1039707,30397,"Atlanta, GA",GA,14986,1498603,34986,"Sarasota/Bradenton, FL",FL,2240,2238,13,2251,2355,4,10,2359,0,0,90,81,444,,,,,
2023,1,1/2/23 0:00,19393,10397,1039707,30397,"Atlanta, GA",GA,15016,1501606,31123,"St. Louis, MO",MO,615,616,11,627,648,5,700,653,0,0,105,97,484,,,,,
2023,1,1/2/23 0:00,19393,10397,1039707,30397,"Atlanta, GA",GA,15016,1501606,31123,"St. Louis, MO",MO,1415,1425,9,1434,1455,3,1455,1458,0,0,100,93,484,,,,,
2023,1,1/2/23 0:00,19393,10397,1039707,30397,"Atlanta, GA",GA,15016,1501606,31123,"St. Louis, MO",MO,2040,2041,9,2050,2124,5,2120,2129,0,0,100,108,484,,,,,
2023,1,1/2/23 0:00,19393,10397,1039707,30397,"Atlanta, GA",GA,15304,1530402,33195,"Tampa, FL",FL,620,619,11,630,730,2,745,732,0,0,85,73,406,,,,,
2023,1,1/2/23 0:00,19393,10397,1039707,30397,"Atlanta, GA",GA,15304,1530402,33195,"Tampa, FL",FL,1000,1003,17,1020,1122,3,1130,1125,0,0,90,82,406,,,,,
2023,1,1/2/23 0:00,19393,10397,1039707,30397,"Atlanta, GA",GA,15304,1530402,33195,"Tampa, FL",FL,1540,1736,23,1759,1900,6,1705,1906,0,0,85,90,406,0,0,121,0,0
2023,1,1/2/23 0:00,19393,10397,1039707,30397,"Atlanta, GA",GA,15304,1530402,33195,"Tampa, FL",FL,2240,2312,9,2321,21,3,5,24,0,0,85,72,406,11,0,0,0,8
2023,1,1/2/23 0:00,19393,10423,1042302,30423,"Austin, TX",TX,10140,1014005,30140,"Albuquerque, NM",NM,1105,1107,11,1118,1146,4,1155,1150,0,0,110,103,619,,,,,
2023,1,1/2/23 0:00,19393,10423,1042302,30423,"Austin, TX",TX,10140,1014005,30140,"Albuquerque, NM",NM,1545,1634,12,1646,1717,4,1640,1721,0,0,115,107,619,8,0,0,0,33
2023,1,1/2/23 0:00,19393,10423,1042302,30423,"Austin, TX",TX,10279,1027903,30279,"Amarillo, TX",TX,1935,2002,11,2013,2115,3,2050,2118,0,0,75,76,418,27,0,1,0,0
2023,1,1/2/23 0:00,19393,10423,1042302,30423,"Austin, TX",TX,10397,1039707,30397,"Atlanta, GA",GA,605,601,10,611,849,13,910,902,0,0,125,121,813,,,,,
2023,1,1/2/23 0:00,19393,10423,1042302,30423,"Austin, TX",TX,10397,1039707,30397,"Atlanta, GA",GA,1510,1541,10,1551,1832,7,1815,1839,0,0,125,118,813,14,0,0,0,10
2023,1,1/2/23 0:00,19393,10423,1042302,30423,"Austin, TX",TX,10397,1039707,30397,"Atlanta, GA",GA,1845,1915,28,1943,2223,5,2150,2228,0,0,125,133,813,6,0,8,0,24
2023,1,1/2/23 0:00,19393,10423,1042302,30423,"Austin, TX",TX,10693,1069302,30693,"Nashville, TN",TN,640,637,9,646,822,4,845,826,0,0,125,109,756,,,,,
2023,1,1/2/23 0:00,19393,10423,1042302,30423,"Austin, TX",TX,10693,1069302,30693,"Nashville, TN",TN,1035,1035,19,1054,1227,5,1235,1232,0,0,120,117,756,,,,,
2023,1,1/2/23 0:00,19393,10423,1042302,30423,"Austin, TX",TX,10693,1069302,30693,"Nashville, TN",TN,1350,1428,11,1439,1616,3,1550,1619,0,0,120,111,756,29,0,0,0,0
2023,1,1/2/23 0:00,19393,10423,1042302,30423,"Austin, TX",TX,10693,1069302,30693,"Nashville, TN",TN,1735,1909,12,1921,2059,5,1935,2104,0,0,120,115,756,52,0,0,0,37
2023,1,1/2/23 0:00,19393,10423,1042302,30423,"Austin, TX",TX,10693,1069302,30693,"Nashville, TN",TN,2225,2220,27,2247,47,6,25,53,0,0,120,153,756,0,0,28,0,0
2023,1,1/2/23 0:00,19393,10423,1042302,30423,"Austin, TX",TX,10800,1080003,32575,"Burbank, CA",CA,1850,1925,14,1939,2049,5,2010,2054,0,0,200,209,1241,10,0,9,0,25
2023,1,1/2/23 0:00,19393,10423,1042302,30423,"Austin, TX",TX,10821,1082106,30852,"Baltimore, MD",MD,520,517,9,526,901,5,920,906,0,0,180,169,1342,,,,,
2023,1,1/2/23 0:00,19393,10423,1042302,30423,"Austin, TX",TX,10821,1082106,30852,"Baltimore, MD",MD,1105,1111,14,1125,1458,5,1510,1503,0,0,185,172,1342,,,,,
2023,1,1/2/23 0:00,19393,10423,1042302,30423,"Austin, TX",TX,10821,1082106,30852,"Baltimore, MD",MD,1740,1803,15,1818,2148,8,2145,2156,0,0,185,173,1342,,,,,
2023,1,1/2/23 0:00,19393,10423,1042302,30423,"Austin, TX",TX,10821,1082106,30852,"Baltimore, MD",MD,2050,2214,12,2226,206,11,50,217,0,0,180,183,1342,0,0,3,0,84
2023,1,1/2/23 0:00,19393,10423,1042302,30423,"Austin, TX",TX,11066,1106606,31066,"Columbus, OH",OH,855,851,8,859,1206,4,1225,1210,0,0,150,139,1073,,,,,
2023,1,1/2/23 0:00,19393,10423,1042302,30423,"Austin, TX",TX,11259,1125904,30194,"Dallas, TX",TX,630,629,19,648,727,4,735,731,0,0,65,62,189,,,,,
2023,1,1/2/23 0:00,19393,10423,1042302,30423,"Austin, TX",TX,11259,1125904,30194,"Dallas, TX",TX,830,833,8,841,922,4,935,926,0,0,65,53,189,,,,,
2023,1,1/2/23 0:00,19393,10423,1042302,30423,"Austin, TX",TX,11259,1125904,30194,"Dallas, TX",TX,945,1012,11,1023,1106,3,1045,1109,0,0,60,57,189,6,0,0,0,18
2023,1,1/2/23 0:00,19393,10423,1042302,30423,"Austin, TX",TX,11259,1125904,30194,"Dallas, TX",TX,1250,1357,9,1406,1442,4,1355,1446,0,0,65,49,189,0,0,51,0,0
2023,1,1/2/23 0:00,19393,10423,1042302,30423,"Austin, TX",TX,11259,1125904,30194,"Dallas, TX",TX,1540,1651,9,1700,1738,3,1645,1741,0,0,65,50,189,0,0,56,0,0
2023,1,1/2/23 0:00,19393,10423,1042302,30423,"Austin, TX",TX,11259,1125904,30194,"Dallas, TX",TX,1700,1805,32,1837,1915,3,1805,1918,0,0,65,73,189,2,0,8,0,63
2023,1,1/2/23 0:00,19393,10423,1042302,30423,"Austin, TX",TX,11259,1125904,30194,"Dallas, TX",TX,1935,2031,7,2038,2116,16,2035,2132,0,0,60,61,189,10,0,1,0,46
2023,1,1/2/23 0:00,19393,10423,1042302,30423,"Austin, TX",TX,11259,1125904,30194,"Dallas, TX",TX,2120,2125,10,2135,2213,5,2220,2218,0,0,60,53,189,,,,,
2023,1,1/2/23 0:00,19393,10423,1042302,30423,"Austin, TX",TX,11259,1125904,30194,"Dallas, TX",TX,2200,125,10,135,206,4,2300,210,0,0,60,45,189,0,0,0,0,190
2023,1,1/2/23 0:00,19393,10423,1042302,30423,"Austin, TX",TX,11278,1127805,30852,"Washington, DC",VA,1240,1246,11,1257,1640,4,1640,1644,0,0,180,178,1315,,,,,
2023,1,1/2/23 0:00,19393,10423,1042302,30423,"Austin, TX",TX,11292,1129202,30325,"Denver, CO",CO,515,,,,,,635,,1,0,140,,775,,,,,
2023,1,1/2/23 0:00,19393,10423,1042302,30423,"Austin, TX",TX,11292,1129202,30325,"Denver, CO",CO,755,751,11,802,838,9,920,847,0,0,145,116,775,,,,,
2023,1,1/2/23 0:00,19393,10423,1042302,30423,"Austin, TX",TX,11292,1129202,30325,"Denver, CO",CO,1025,,,,,,1145,,1,0,140,,775,,,,,
2023,1,1/2/23 0:00,19393,10423,1042302,30423,"Austin, TX",TX,11292,1129202,30325,"Denver, CO",CO,1345,,,,,,1500,,1,0,135,,775,,,,,
2023,1,1/2/23 0:00,19393,10423,1042302,30423,"Austin, TX",TX,11292,1129202,30325,"Denver, CO",CO,1720,,,,,,1840,,1,0,140,,775,,,,,
2023,1,1/2/23 0:00,19393,10423,1042302,30423,"Austin, TX",TX,11292,1129202,30325,"Denver, CO",CO,2110,2230,11,2241,2325,7,2230,2332,0,0,140,122,775,22,0,0,0,40
2023,1,1/2/23 0:00,19393,10423,1042302,30423,"Austin, TX",TX,11292,1129202,30325,"Denver, CO",CO,2255,2354,11,5,46,8,30,54,0,0,155,120,775,6,0,0,0,18
2023,1,1/2/23 0:00,19393,10423,1042302,30423,"Austin, TX",TX,11540,1154005,30615,"El Paso, TX",TX,955,951,11,1002,1022,3,1030,1025,0,0,95,94,528,,,,,
2023,1,1/2/23 0:00,19393,10423,1042302,30423,"Austin, TX",TX,11540,1154005,30615,"El Paso, TX",TX,1515,1614,15,1629,1649,3,1555,1652,0,0,100,98,528,14,0,0,0,43
2023,1,1/2/23 0:00,19393,10423,1042302,30423,"Austin, TX",TX,11540,1154005,30615,"El Paso, TX",TX,2110,2134,10,2144,2204,6,2145,2210,0,0,95,96,528,4,0,1,0,20
2023,1,1/2/23 0:00,19393,10423,1042302,30423,"Austin, TX",TX,11697,1169706,32467,"Fort Lauderdale, FL",FL,625,623,13,636,951,3,1005,954,0,0,160,151,1105,,,,,
2023,1,1/2/23 0:00,19393,10423,1042302,30423,"Austin, TX",TX,11697,1169706,32467,"Fort Lauderdale, FL",FL,1435,1723,15,1738,2050,4,1815,2054,0,0,160,151,1105,0,0,159,0,0
2023,1,1/2/23 0:00,19393,10423,1042302,30423,"Austin, TX",TX,12191,1219103,31453,"Houston, TX",TX,615,611,10,621,652,7,710,659,0,0,55,48,148,,,,,
2023,1,1/2/23 0:00,19393,10423,1042302,30423,"Austin, TX",TX,12191,1219103,31453,"Houston, TX",TX,855,852,12,904,936,5,955,941,0,0,60,49,148,,,,,
2023,1,1/2/23 0:00,19393,10423,1042302,30423,"Austin, TX",TX,12191,1219103,31453,"Houston, TX",TX,1350,1630,15,1645,1728,8,1450,1736,0,0,60,66,148,0,0,166,0,0
2023,1,1/2/23 0:00,19393,10423,1042302,30423,"Austin, TX",TX,12191,1219103,31453,"Houston, TX",TX,1820,1855,18,1913,1943,7,1920,1950,0,0,60,55,148,3,0,0,0,27
2023,1,1/2/23 0:00,19393,10423,1042302,30423,"Austin, TX",TX,12191,1219103,31453,"Houston, TX",TX,2020,2145,8,2153,2222,5,2115,2227,0,0,55,42,148,5,0,0,0,67
2023,1,1/2/23 0:00,19393,10423,1042302,30423,"Austin, TX",TX,12206,1220605,32206,"Harlingen/San Benito, TX",TX,700,647,9,656,744,2,810,746,0,0,70,59,273,,,,,
2023,1,1/2/23 0:00,19393,10423,1042302,30423,"Austin, TX",TX,12206,1220605,32206,"Harlingen/San Benito, TX",TX,1520,1600,8,1608,1656,2,1625,1658,0,0,65,58,273,1,0,0,0,32
2023,1,1/2/23 0:00,19393,10423,1042302,30423,"Austin, TX",TX,12339,1233904,32337,"Indianapolis, IN",IN,1435,1515,9,1524,1822,6,1755,1828,0,0,140,133,919,12,0,0,0,21
2023,1,1/2/23 0:00,19393,10423,1042302,30423,"Austin, TX",TX,12889,1288904,32211,"Las Vegas, NV",NV,530,524,10,534,600,6,635,606,0,0,185,162,1090,,,,,
2023,1,1/2/23 0:00,19393,10423,1042302,30423,"Austin, TX",TX,12889,1288904,32211,"Las Vegas, NV",NV,1005,957,13,1010,1037,7,1105,1044,0,0,180,167,1090,,,,,
2023,1,1/2/23 0:00,19393,10423,1042302,30423,"Austin, TX",TX,12889,1288904,32211,"Las Vegas, NV",NV,1520,1520,12,1532,1608,4,1620,1612,0,0,180,172,1090,,,,,
2023,1,1/2/23 0:00,19393,10423,1042302,30423,"Austin, TX",TX,12889,1288904,32211,"Las Vegas, NV",NV,2030,2046,10,2056,2137,4,2130,2141,0,0,180,175,1090,,,,,
2023,1,1/2/23 0:00,19393,10423,1042302,30423,"Austin, TX",TX,12889,1288904,32211,"Las Vegas, NV",NV,2255,7,14,21,55,4,2350,59,0,0,175,172,1090,0,0,0,0,69
2023,1,1/2/23 0:00,19393,10423,1042302,30423,"Austin, TX",TX,12892,1289208,32575,"Los Angeles, CA",CA,855,859,13,912,1003,15,1020,1018,0,0,205,199,1242,,,,,
2023,1,1/2/23 0:00,19393,10423,1042302,30423,"Austin, TX",TX,12892,1289208,32575,"Los Angeles, CA",CA,1605,1614,17,1631,1732,12,1730,1744,0,0,205,210,1242,,,,,
2023,1,1/2/23 0:00,19393,10423,1042302,30423,"Austin, TX",TX,12892,1289208,32575,"Los Angeles, CA",CA,2200,2350,21,11,117,8,2320,125,0,0,200,215,1242,0,0,15,0,110
2023,1,1/2/23 0:00,19393,10423,1042302,30423,"Austin, TX",TX,12896,1289607,32896,"Lubbock, TX",TX,1905,1917,15,1932,2025,2,2015,2027,0,0,70,70,341,,,,,
2023,1,1/2/23 0:00,19393,10423,1042302,30423,"Austin, TX",TX,12954,1295407,32575,"Long Beach, CA",CA,1245,1345,12,1357,1449,4,1405,1453,0,0,200,188,1226,0,0,0,0,48
2023,1,1/2/23 0:00,19393,10423,1042302,30423,"Austin, TX",TX,12954,1295407,32575,"Long Beach, CA",CA,1955,2004,11,2015,2116,11,2110,2127,0,0,195,203,1226,9,0,8,0,0
2023,1,1/2/23 0:00,19393,10423,1042302,30423,"Austin, TX",TX,13158,1315805,33158,"Midland/Odessa, TX",TX,1935,1955,10,2005,2052,3,2045,2055,0,0,70,60,294,,,,,
2023,1,1/2/23 0:00,19393,10423,1042302,30423,"Austin, TX",TX,13198,1319801,33198,"Kansas City, MO",MO,1300,1259,10,1309,1423,6,1450,1429,0,0,110,90,650,,,,,
2023,1,1/2/23 0:00,19393,10423,1042302,30423,"Austin, TX",TX,13198,1319801,33198,"Kansas City, MO",MO,1820,2017,10,2027,2145,11,2005,2156,0,0,105,99,650,8,0,0,0,103
2023,1,1/2/23 0:00,19393,10423,1042302,30423,"Austin, TX",TX,13204,1320402,31454,"Orlando, FL",FL,515,511,8,519,823,6,845,829,0,0,150,138,994,,,,,
2023,1,1/2/23 0:00,19393,10423,1042302,30423,"Austin, TX",TX,13204,1320402,31454,"Orlando, FL",FL,1310,1613,13,1626,1931,9,1635,1940,0,0,145,147,994,0,0,181,0,4
2023,1,1/2/23 0:00,19393,10423,1042302,30423,"Austin, TX",TX,13204,1320402,31454,"Orlando, FL",FL,1650,,,,,,2010,,1,0,140,,994,,,,,
2023,1,1/2/23 0:00,19393,10423,1042302,30423,"Austin, TX",TX,13204,1320402,31454,"Orlando, FL",FL,2110,2152,8,2200,101,9,30,110,0,0,140,138,994,31,0,0,0,9
2023,1,1/2/23 0:00,19393,10423,1042302,30423,"Austin, TX",TX,13232,1323202,30977,"Chicago, IL",IL,505,549,13,602,802,4,735,806,0,0,150,137,972,0,0,31,0,0
2023,1,1/2/23 0:00,19393,10423,1042302,30423,"Austin, TX",TX,13232,1323202,30977,"Chicago, IL",IL,1005,1004,7,1011,1226,5,1230,1231,0,0,145,147,972,,,,,
2023,1,1/2/23 0:00,19393,10423,1042302,30423,"Austin, TX",TX,13232,1323202,30977,"Chicago, IL",IL,1800,1832,17,1849,2055,3,2030,2058,0,0,150,146,972,11,0,0,0,17
2023,1,1/2/23 0:00,19393,10423,1042302,30423,"Austin, TX",TX,13232,1323202,30977,"Chicago, IL",IL,2205,2204,13,2217,,,35,,0,1,150,,972,,,,,
2023,1,1/2/23 0:00,19393,10423,1042302,30423,"Austin, TX",TX,13303,1330303,32467,"Miami, FL",FL,1620,1912,25,1937,2250,13,1955,2303,0,0,155,171,1103,0,0,16,0,172
2023,1,1/2/23 0:00,19393,10423,1042302,30423,"Austin, TX",TX,13487,1348702,31650,"Minneapolis, MN",MN,1155,1156,7,1203,1402,3,1435,1405,0,0,160,129,1042,,,,,
2023,1,1/2/23 0:00,19393,10423,1042302,30423,"Austin, TX",TX,13495,1349505,33495,"New Orleans, LA",LA,500,454,11,505,604,5,620,609,0,0,80,75,444,,,,,
2023,1,1/2/23 0:00,19393,10423,1042302,30423,"Austin, TX",TX,13495,1349505,33495,"New Orleans, LA",LA,1000,957,6,1003,1119,6,1125,1125,0,0,85,88,444,,,,,
2023,1,1/2/23 0:00,19393,10423,1042302,30423,"Austin, TX",TX,13495,1349505,33495,"New Orleans, LA",LA,1750,1803,13,1816,1914,4,1910,1918,0,0,80,75,444,,,,,
2023,1,1/2/23 0:00,19393,10423,1042302,30423,"Austin, TX",TX,13495,1349505,33495,"New Orleans, LA",LA,2050,2150,10,2200,2300,4,2210,2304,0,0,80,74,444,0,0,0,0,54
2023,1,1/2/23 0:00,19393,10423,1042302,30423,"Austin, TX",TX,13796,1379609,32457,"Oakland, CA",CA,1300,1318,12,1330,1505,4,1455,1509,0,0,235,231,1497,,,,,
2023,1,1/2/23 0:00,19393,10423,1042302,30423,"Austin, TX",TX,13851,1385103,33851,"Oklahoma City, OK",OK,1230,1227,9,1236,1328,45,1350,1413,0,0,80,106,358,0,0,23,0,0
2023,1,1/2/23 0:00,19393,10423,1042302,30423,"Austin, TX",TX,13891,1389101,32575,"Ontario, CA",CA,1550,1601,12,1613,1658,3,1700,1701,0,0,190,180,1196,,,,,
2023,1,1/2/23 0:00,19393,10423,1042302,30423,"Austin, TX",TX,13930,1393008,30977,"Chicago, IL",IL,800,751,10,801,954,11,1045,1005,0,0,165,134,977,,,,,
2023,1,1/2/23 0:00,19393,10423,1042302,30423,"Austin, TX",TX,13930,1393008,30977,"Chicago, IL",IL,1115,1112,14,1126,1321,49,1400,1410,0,0,165,178,977,,,,,
2023,1,1/2/23 0:00,19393,10423,1042302,30423,"Austin, TX",TX,14107,1410702,30466,"Phoenix, AZ",AZ,610,603,10,613,722,6,745,728,0,0,155,145,872,,,,,
2023,1,1/2/23 0:00,19393,10423,1042302,30423,"Austin, TX",TX,14107,1410702,30466,"Phoenix, AZ",AZ,1055,1052,10,1102,1212,7,1225,1219,0,0,150,147,872,,,,,
2023,1,1/2/23 0:00,19393,10423,1042302,30423,"Austin, TX",TX,14107,1410702,30466,"Phoenix, AZ",AZ,1450,1557,10,1607,1714,5,1625,1719,0,0,155,142,872,7,0,0,0,47
2023,1,1/2/23 0:00,19393,10423,1042302,30423,"Austin, TX",TX,14107,1410702,30466,"Phoenix, AZ",AZ,1715,1801,19,1820,1930,7,1850,1937,0,0,155,156,872,46,0,1,0,0
2023,1,1/2/23 0:00,19393,10423,1042302,30423,"Austin, TX",TX,14107,1410702,30466,"Phoenix, AZ",AZ,2255,2248,10,2258,6,8,30,14,0,0,155,146,872,,,,,
2023,1,1/2/23 0:00,19393,10423,1042302,30423,"Austin, TX",TX,14122,1412202,30198,"Pittsburgh, PA",PA,850,845,10,855,1218,6,1235,1224,0,0,165,159,1210,,,,,
2023,1,1/2/23 0:00,19393,10423,1042302,30423,"Austin, TX",TX,14492,1449202,34492,"Raleigh/Durham, NC",NC,1625,1712,14,1726,2049,4,2005,2053,0,0,160,161,1162,10,0,1,0,37
2023,1,1/2/23 0:00,19393,10423,1042302,30423,"Austin, TX",TX,14679,1467903,33570,"San Diego, CA",CA,1100,1109,13,1122,1206,15,1210,1221,0,0,190,192,1164,,,,,
2023,1,1/2/23 0:00,19393,10423,1042302,30423,"Austin, TX",TX,14679,1467903,33570,"San Diego, CA",CA,1650,1713,14,1727,1810,10,1755,1820,0,0,185,187,1164,0,0,2,18,5
2023,1,1/2/23 0:00,19393,10423,1042302,30423,"Austin, TX",TX,14679,1467903,33570,"San Diego, CA",CA,2130,2135,12,2147,2233,5,2235,2238,0,0,185,183,1164,,,,,
2023,1,1/2/23 0:00,19393,10423,1042302,30423,"Austin, TX",TX,14831,1483106,32457,"San Jose, CA",CA,530,526,13,539,658,5,725,703,0,0,235,217,1476,,,,,
2023,1,1/2/23 0:00,19393,10423,1042302,30423,"Austin, TX",TX,14831,1483106,32457,"San Jose, CA",CA,1240,1249,15,1304,1440,4,1430,1444,0,0,230,235,1476,,,,,
2023,1,1/2/23 0:00,19393,10423,1042302,30423,"Austin, TX",TX,14831,1483106,32457,"San Jose, CA",CA,1930,1947,11,1958,2138,3,2120,2141,0,0,230,234,1476,0,0,4,0,17
2023,1,1/2/23 0:00,19393,10423,1042302,30423,"Austin, TX",TX,14869,1486903,34614,"Salt Lake City, UT",UT,1430,1452,9,1501,1623,8,1635,1631,0,0,185,159,1086,,,,,
2023,1,1/2/23 0:00,19393,10423,1042302,30423,"Austin, TX",TX,14893,1489302,33192,"Sacramento, CA",CA,1710,1805,17,1822,1947,3,1905,1950,0,0,235,225,1481,32,0,0,0,13
2023,1,1/2/23 0:00,19393,10423,1042302,30423,"Austin, TX",TX,14908,1490803,32575,"Santa Ana, CA",CA,1240,1241,15,1256,1353,6,1350,1359,0,0,190,198,1209,,,,,
2023,1,1/2/23 0:00,19393,10423,1042302,30423,"Austin, TX",TX,14908,1490803,32575,"Santa Ana, CA",CA,1755,1817,15,1832,1927,4,1910,1931,0,0,195,194,1209,15,0,0,0,6
2023,1,1/2/23 0:00,19393,10423,1042302,30423,"Austin, TX",TX,15016,1501606,31123,"St. Louis, MO",MO,515,510,10,520,649,6,715,655,0,0,120,105,721,,,,,
2023,1,1/2/23 0:00,19393,10423,1042302,30423,"Austin, TX",TX,15016,1501606,31123,"St. Louis, MO",MO,1340,1339,11,1350,1517,3,1545,1520,0,0,125,101,721,,,,,
2023,1,1/2/23 0:00,19393,10423,1042302,30423,"Austin, TX",TX,15016,1501606,31123,"St. Louis, MO",MO,1725,1812,19,1831,2000,4,1920,2004,0,0,115,112,721,0,0,0,19,25
2023,1,1/2/23 0:00,19393,10423,1042302,30423,"Austin, TX",TX,15304,1530402,33195,"Tampa, FL",FL,810,822,8,830,1129,4,1125,1133,0,0,135,131,928,,,,,
2023,1,1/2/23 0:00,19393,10423,1042302,30423,"Austin, TX",TX,15304,1530402,33195,"Tampa, FL",FL,1905,1923,30,1953,2249,6,2215,2255,0,0,130,152,928,0,0,22,0,18
2023,1,1/2/23 0:00,19393,10423,1042302,30423,"Austin, TX",TX,15370,1537002,34653,"Tulsa, OK",OK,1440,1440,13,1453,1552,4,1600,1556,0,0,80,76,426,,,,,
2023,1,1/2/23 0:00,19393,10529,1052907,30529,"Hartford, CT",CT,10693,1069302,30693,"Nashville, TN",TN,1140,1142,12,1154,1302,5,1320,1307,0,0,160,145,852,,,,,
2023,1,1/2/23 0:00,19393,10529,1052907,30529,"Hartford, CT",CT,10821,1082106,30852,"Baltimore, MD",MD,520,514,12,526,615,7,640,622,0,0,80,68,283,,,,,
2023,1,1/2/23 0:00,19393,10529,1052907,30529,"Hartford, CT",CT,10821,1082106,30852,"Baltimore, MD",MD,855,852,6,858,949,4,1010,953,0,0,75,61,283,,,,,
2023,1,1/2/23 0:00,19393,10529,1052907,30529,"Hartford, CT",CT,10821,1082106,30852,"Baltimore, MD",MD,1210,1210,8,1218,1307,4,1325,1311,0,0,75,61,283,,,,,
2023,1,1/2/23 0:00,19393,10529,1052907,30529,"Hartford, CT",CT,10821,1082106,30852,"Baltimore, MD",MD,1435,1448,9,1457,1548,4,1550,1552,0,0,75,64,283,,,,,
2023,1,1/2/23 0:00,19393,10529,1052907,30529,"Hartford, CT",CT,10821,1082106,30852,"Baltimore, MD",MD,1800,1810,10,1820,1909,3,1910,1912,0,0,70,62,283,,,,,
2023,1,1/2/23 0:00,19393,10529,1052907,30529,"Hartford, CT",CT,11292,1129202,30325,"Denver, CO",CO,1830,,,,,,2110,,1,0,280,,1671,,,,,
2023,1,1/2/23 0:00,19393,10529,1052907,30529,"Hartford, CT",CT,13204,1320402,31454,"Orlando, FL",FL,1715,1915,17,1932,2241,10,2015,2251,0,0,180,216,1050,0,0,155,0,1
2023,1,1/2/23 0:00,19393,10529,1052907,30529,"Hartford, CT",CT,13232,1323202,30977,"Chicago, IL",IL,505,505,11,516,748,6,645,754,0,0,160,229,776,0,0,69,0,0
2023,1,1/2/23 0:00,19393,10529,1052907,30529,"Hartford, CT",CT,13232,1323202,30977,"Chicago, IL",IL,2005,2140,11,2151,2306,9,2135,2315,0,0,150,155,776,69,0,5,0,26
2023,1,1/2/23 0:00,19393,10529,1052907,30529,"Hartford, CT",CT,15304,1530402,33195,"Tampa, FL",FL,1530,1730,20,1750,2023,4,1835,2027,0,0,185,177,1111,0,0,108,0,4
2023,1,1/2/23 0:00,19393,10599,1059904,30599,"Birmingham, AL",AL,10821,1082106,30852,"Baltimore, MD",MD,1825,2052,7,2059,2330,5,2120,2335,0,0,115,103,682,8,0,0,0,127
2023,1,1/2/23 0:00,19393,10599,1059904,30599,"Birmingham, AL",AL,11259,1125904,30194,"Dallas, TX",TX,620,616,10,626,757,15,825,812,0,0,125,116,587,,,,,
2023,1,1/2/23 0:00,19393,10599,1059904,30599,"Birmingham, AL",AL,11259,1125904,30194,"Dallas, TX",TX,1300,1346,18,1404,1606,6,1500,1612,0,0,120,146,587,0,0,72,0,0
2023,1,1/2/23 0:00,19393,10599,1059904,30599,"Birmingham, AL",AL,11259,1125904,30194,"Dallas, TX",TX,1850,2204,13,2217,1,11,2050,12,0,0,120,128,587,0,0,8,0,194
2023,1,1/2/23 0:00,19393,10599,1059904,30599,"Birmingham, AL",AL,11292,1129202,30325,"Denver, CO",CO,1425,1457,8,1505,1649,8,1630,1657,0,0,185,180,1083,13,0,0,0,14
2023,1,1/2/23 0:00,19393,10599,1059904,30599,"Birmingham, AL",AL,12191,1219103,31453,"Houston, TX",TX,535,532,9,541,710,6,730,716,0,0,115,104,570,,,,,
2023,1,1/2/23 0:00,19393,10599,1059904,30599,"Birmingham, AL",AL,12191,1219103,31453,"Houston, TX",TX,1920,1924,8,1932,2112,5,2115,2117,0,0,115,113,570,,,,,
2023,1,1/2/23 0:00,19393,10599,1059904,30599,"Birmingham, AL",AL,12889,1288904,32211,"Las Vegas, NV",NV,1520,1528,15,1543,1727,7,1735,1734,0,0,255,246,1618,,,,,
2023,1,1/2/23 0:00,19393,10599,1059904,30599,"Birmingham, AL",AL,13204,1320402,31454,"Orlando, FL",FL,900,858,8,906,1115,7,1140,1122,0,0,100,84,479,,,,,
2023,1,1/2/23 0:00,19393,10599,1059904,30599,"Birmingham, AL",AL,13204,1320402,31454,"Orlando, FL",FL,1755,1934,7,1941,2149,11,2025,2200,0,0,90,86,479,0,0,0,0,95
2023,1,1/2/23 0:00,19393,10599,1059904,30599,"Birmingham, AL",AL,13232,1323202,30977,"Chicago, IL",IL,1040,1249,8,1257,1424,3,1225,1427,0,0,105,98,570,0,0,0,0,122
2023,1,1/2/23 0:00,19393,10599,1059904,30599,"Birmingham, AL",AL,13232,1323202,30977,"Chicago, IL",IL,1725,1722,11,1733,1855,4,1910,1859,0,0,105,97,570,,,,,
2023,1,1/2/23 0:00,19393,10599,1059904,30599,"Birmingham, AL",AL,15304,1530402,33195,"Tampa, FL",FL,945,938,10,948,1152,12,1210,1204,0,0,85,86,459,,,,,
2023,1,1/2/23 0:00,19393,10599,1059904,30599,"Birmingham, AL",AL,15304,1530402,33195,"Tampa, FL",FL,1645,1823,10,1833,2036,4,1910,2040,0,0,85,77,459,0,0,90,0,0
2023,1,1/2/23 0:00,19393,10666,1066602,30666,"Bellingham, WA",WA,12889,1288904,32211,"Las Vegas, NV",NV,1225,1246,9,1255,1500,9,1455,1509,0,0,150,143,954,,,,,
2023,1,1/2/23 0:00,19393,10666,1066602,30666,"Bellingham, WA",WA,13796,1379609,32457,"Oakland, CA",CA,510,551,23,614,801,6,720,807,0,0,130,136,764,41,0,6,0,0
2023,1,1/2/23 0:00,19393,10666,1066602,30666,"Bellingham, WA",WA,13796,1379609,32457,"Oakland, CA",CA,1620,1639,8,1647,1831,9,1830,1840,0,0,130,121,764,,,,,
2023,1,1/2/23 0:00,19393,10693,1069302,30693,"Nashville, TN",TN,10397,1039707,30397,"Atlanta, GA",GA,1405,1413,12,1425,1602,9,1610,1611,0,0,65,58,214,,,,,
2023,1,1/2/23 0:00,19393,10693,1069302,30693,"Nashville, TN",TN,10423,1042302,30423,"Austin, TX",TX,535,525,9,534,730,6,805,736,0,0,150,131,756,,,,,
2023,1,1/2/23 0:00,19393,10693,1069302,30693,"Nashville, TN",TN,10423,1042302,30423,"Austin, TX",TX,750,750,14,804,958,5,1020,1003,0,0,150,133,756,,,,,
2023,1,1/2/23 0:00,19393,10693,1069302,30693,"Nashville, TN",TN,10423,1042302,30423,"Austin, TX",TX,1240,1310,21,1331,1538,6,1505,1544,0,0,145,154,756,24,0,9,0,6
2023,1,1/2/23 0:00,19393,10693,1069302,30693,"Nashville, TN",TN,10423,1042302,30423,"Austin, TX",TX,1940,2025,12,2037,2245,4,2205,2249,0,0,145,144,756,0,0,0,0,44
2023,1,1/2/23 0:00,19393,10693,1069302,30693,"Nashville, TN",TN,10423,1042302,30423,"Austin, TX",TX,2235,2324,18,2342,145,3,100,148,0,0,145,144,756,0,0,0,0,48
2023,1,1/2/23 0:00,19393,10693,1069302,30693,"Nashville, TN",TN,10529,1052907,30529,"Hartford, CT",CT,1410,1427,10,1437,1725,4,1725,1729,0,0,135,122,852,,,,,
2023,1,1/2/23 0:00,19393,10693,1069302,30693,"Nashville, TN",TN,10721,1072102,30721,"Boston, MA",MA,1325,1713,9,1722,2016,6,1650,2022,0,0,145,129,942,16,0,0,0,196
2023,1,1/2/23 0:00,19393,10693,1069302,30693,"Nashville, TN",TN,10721,1072102,30721,"Boston, MA",MA,1625,1623,11,1634,1929,4,1950,1933,0,0,145,130,942,,,,,
2023,1,1/2/23 0:00,19393,10693,1069302,30693,"Nashville, TN",TN,10721,1072102,30721,"Boston, MA",MA,2030,2039,13,2052,2349,3,2350,2352,0,0,140,133,942,,,,,
2023,1,1/2/23 0:00,19393,10693,1069302,30693,"Nashville, TN",TN,10821,1082106,30852,"Baltimore, MD",MD,500,500,12,512,728,4,745,732,0,0,105,92,587,,,,,
2023,1,1/2/23 0:00,19393,10693,1069302,30693,"Nashville, TN",TN,10821,1082106,30852,"Baltimore, MD",MD,735,731,12,743,957,4,1020,1001,0,0,105,90,587,,,,,
2023,1,1/2/23 0:00,19393,10693,1069302,30693,"Nashville, TN",TN,10821,1082106,30852,"Baltimore, MD",MD,1135,1141,16,1157,1413,4,1420,1417,0,0,105,96,587,,,,,
2023,1,1/2/23 0:00,19393,10693,1069302,30693,"Nashville, TN",TN,10821,1082106,30852,"Baltimore, MD",MD,1745,1750,10,1800,2014,6,2030,2020,0,0,105,90,587,,,,,
2023,1,1/2/23 0:00,19393,10693,1069302,30693,"Nashville, TN",TN,10821,1082106,30852,"Baltimore, MD",MD,2130,2300,12,2312,128,5,10,133,0,0,100,93,587,1,0,0,0,82
2023,1,1/2/23 0:00,19393,10693,1069302,30693,"Nashville, TN",TN,10994,1099402,30994,"Charleston, SC",SC,945,1000,11,1011,1211,5,1215,1216,0,0,90,76,439,,,,,
2023,1,1/2/23 0:00,19393,10693,1069302,30693,"Nashville, TN",TN,10994,1099402,30994,"Charleston, SC",SC,1810,1905,9,1914,2111,4,2035,2115,0,0,85,70,439,0,0,0,0,40
2023,1,1/2/23 0:00,19393,10693,1069302,30693,"Nashville, TN",TN,11042,1104205,30647,"Cleveland, OH",OH,955,1108,10,1118,1322,6,1225,1328,0,0,90,80,448,4,0,0,0,59
2023,1,1/2/23 0:00,19393,10693,1069302,30693,"Nashville, TN",TN,11042,1104205,30647,"Cleveland, OH",OH,2100,2055,8,2103,2308,6,2330,2314,0,0,90,79,448,,,,,
2023,1,1/2/23 0:00,19393,10693,1069302,30693,"Nashville, TN",TN,11057,1105703,31057,"Charlotte, NC",NC,940,936,18,954,1144,8,1205,1152,0,0,85,76,328,,,,,
2023,1,1/2/23 0:00,19393,10693,1069302,30693,"Nashville, TN",TN,11057,1105703,31057,"Charlotte, NC",NC,1700,1816,10,1826,2012,4,1920,2016,0,0,80,60,328,0,0,0,0,56
2023,1,1/2/23 0:00,19393,10693,1069302,30693,"Nashville, TN",TN,11066,1106606,31066,"Columbus, OH",OH,945,940,13,953,1147,4,1205,1151,0,0,80,71,337,,,,,
2023,1,1/2/23 0:00,19393,10693,1069302,30693,"Nashville, TN",TN,11066,1106606,31066,"Columbus, OH",OH,2030,2143,10,2153,2344,3,2250,2347,0,0,80,64,337,0,0,0,0,57
2023,1,1/2/23 0:00,19393,10693,1069302,30693,"Nashville, TN",TN,11259,1125904,30194,"Dallas, TX",TX,505,501,7,508,639,2,710,641,0,0,125,100,623,,,,,
2023,1,1/2/23 0:00,19393,10693,1069302,30693,"Nashville, TN",TN,11259,1125904,30194,"Dallas, TX",TX,745,746,9,755,927,4,950,931,0,0,125,105,623,,,,,
2023,1,1/2/23 0:00,19393,10693,1069302,30693,"Nashville, TN",TN,11259,1125904,30194,"Dallas, TX",TX,1115,1113,9,1122,1304,4,1325,1308,0,0,130,115,623,,,,,
2023,1,1/2/23 0:00,19393,10693,1069302,30693,"Nashville, TN",TN,11259,1125904,30194,"Dallas, TX",TX,1620,1659,14,1713,1925,4,1825,1929,0,0,125,150,623,0,0,53,0,11
2023,1,1/2/23 0:00,19393,10693,1069302,30693,"Nashville, TN",TN,11259,1125904,30194,"Dallas, TX",TX,1900,1857,11,1908,2107,15,2105,2122,0,0,125,145,623,0,0,17,0,0
2023,1,1/2/23 0:00,19393,10693,1069302,30693,"Nashville, TN",TN,11259,1125904,30194,"Dallas, TX",TX,2040,2113,15,2128,2317,7,2245,2324,0,0,125,131,623,14,0,6,0,19
2023,1,1/2/23 0:00,19393,10693,1069302,30693,"Nashville, TN",TN,11278,1127805,30852,"Washington, DC",VA,815,812,10,822,1032,4,1055,1036,0,0,100,84,562,,,,,
2023,1,1/2/23 0:00,19393,10693,1069302,30693,"Nashville, TN",TN,11278,1127805,30852,"Washington, DC",VA,1035,1050,8,1058,1309,3,1315,1312,0,0,100,82,562,,,,,
2023,1,1/2/23 0:00,19393,10693,1069302,30693,"Nashville, TN",TN,11278,1127805,30852,"Washington, DC",VA,1540,1555,17,1612,1822,3,1820,1825,0,0,100,90,562,,,,,
2023,1,1/2/23 0:00,19393,10693,1069302,30693,"Nashville, TN",TN,11278,1127805,30852,"Washington, DC",VA,2020,2210,10,2220,31,3,2255,34,0,0,95,84,562,6,0,0,0,93
2023,1,1/2/23 0:00,19393,10693,1069302,30693,"Nashville, TN",TN,11292,1129202,30325,"Denver, CO",CO,505,500,14,514,644,11,710,655,0,0,185,175,1014,,,,,
2023,1,1/2/23 0:00,19393,10693,1069302,30693,"Nashville, TN",TN,11292,1129202,30325,"Denver, CO",CO,715,712,10,722,846,10,920,856,0,0,185,164,1014,,,,,
2023,1,1/2/23 0:00,19393,10693,1069302,30693,"Nashville, TN",TN,11292,1129202,30325,"Denver, CO",CO,1315,1354,9,1403,1524,7,1515,1531,0,0,180,157,1014,0,0,16,0,0
2023,1,1/2/23 0:00,19393,10693,1069302,30693,"Nashville, TN",TN,11292,1129202,30325,"Denver, CO",CO,1740,1852,12,1904,2028,14,1945,2042,0,0,185,170,1014,0,17,0,0,40
2023,1,1/2/23 0:00,19393,10693,1069302,30693,"Nashville, TN",TN,11292,1129202,30325,"Denver, CO",CO,2020,2051,10,2101,2228,5,2220,2233,0,0,180,162,1014,,,,,
2023,1,1/2/23 0:00,19393,10693,1069302,30693,"Nashville, TN",TN,11292,1129202,30325,"Denver, CO",CO,2250,17,7,24,147,8,50,155,0,0,180,158,1014,0,0,0,0,65
2023,1,1/2/23 0:00,19393,10693,1069302,30693,"Nashville, TN",TN,11433,1143302,31295,"Detroit, MI",MI,940,938,9,947,1154,6,1220,1200,0,0,100,82,456,,,,,
2023,1,1/2/23 0:00,19393,10693,1069302,30693,"Nashville, TN",TN,11433,1143302,31295,"Detroit, MI",MI,2120,2149,9,2158,1,5,2355,6,0,0,95,77,456,,,,,
2023,1,1/2/23 0:00,19393,10693,1069302,30693,"Nashville, TN",TN,11481,1148102,31481,"Panama City, FL",FL,750,741,10,751,848,3,915,851,0,0,85,70,401,,,,,
2023,1,1/2/23 0:00,19393,10693,1069302,30693,"Nashville, TN",TN,11481,1148102,31481,"Panama City, FL",FL,1630,1703,13,1716,1815,2,1750,1817,0,0,80,74,401,3,0,0,0,24
2023,1,1/2/23 0:00,19393,10693,1069302,30693,"Nashville, TN",TN,11697,1169706,32467,"Fort Lauderdale, FL",FL,645,641,13,654,938,5,1000,943,0,0,135,122,793,,,,,
2023,1,1/2/23 0:00,19393,10693,1069302,30693,"Nashville, TN",TN,11697,1169706,32467,"Fort Lauderdale, FL",FL,810,848,11,859,1142,7,1125,1149,0,0,135,121,793,24,0,0,0,0
2023,1,1/2/23 0:00,19393,10693,1069302,30693,"Nashville, TN",TN,11697,1169706,32467,"Fort Lauderdale, FL",FL,1455,1805,16,1821,2110,4,1810,2114,0,0,135,129,793,153,0,0,0,31
2023,1,1/2/23 0:00,19393,10693,1069302,30693,"Nashville, TN",TN,11697,1169706,32467,"Fort Lauderdale, FL",FL,2150,2239,13,2252,136,3,105,139,0,0,135,120,793,5,0,0,0,29
2023,1,1/2/23 0:00,19393,10693,1069302,30693,"Nashville, TN",TN,12191,1219103,31453,"Houston, TX",TX,520,520,9,529,712,10,740,722,0,0,140,122,670,,,,,
2023,1,1/2/23 0:00,19393,10693,1069302,30693,"Nashville, TN",TN,12191,1219103,31453,"Houston, TX",TX,745,734,10,744,927,5,1005,932,0,0,140,118,670,,,,,
2023,1,1/2/23 0:00,19393,10693,1069302,30693,"Nashville, TN",TN,12191,1219103,31453,"Houston, TX",TX,1425,1601,12,1613,1808,19,1640,1827,0,0,135,146,670,0,0,107,0,0
2023,1,1/2/23 0:00,19393,10693,1069302,30693,"Nashville, TN",TN,12191,1219103,31453,"Houston, TX",TX,1845,,,,,,2105,,1,0,140,,670,,,,,
2023,1,1/2/23 0:00,19393,10693,1069302,30693,"Nashville, TN",TN,12191,1219103,31453,"Houston, TX",TX,2245,2309,11,2320,104,5,100,109,0,0,135,120,670,,,,,
2023,1,1/2/23 0:00,19393,10693,1069302,30693,"Nashville, TN",TN,12266,1226603,31453,"Houston, TX",TX,735,737,10,747,927,3,950,930,0,0,135,113,657,,,,,
2023,1,1/2/23 0:00,19393,10693,1069302,30693,"Nashville, TN",TN,12266,1226603,31453,"Houston, TX",TX,1335,1335,7,1342,1526,7,1545,1533,0,0,130,118,657,,,,,
2023,1,1/2/23 0:00,19393,10693,1069302,30693,"Nashville, TN",TN,12266,1226603,31453,"Houston, TX",TX,2235,2234,10,2244,28,3,45,31,0,0,130,117,657,,,,,
2023,1,1/2/23 0:00,19393,10693,1069302,30693,"Nashville, TN",TN,12391,1239103,31703,"Islip, NY",NY,1145,1141,12,1153,1440,4,1500,1444,0,0,135,123,803,,,,,
2023,1,1/2/23 0:00,19393,10693,1069302,30693,"Nashville, TN",TN,12451,1245102,31136,"Jacksonville, FL",FL,955,954,9,1003,1209,7,1225,1216,0,0,90,82,483,,,,,
2023,1,1/2/23 0:00,19393,10693,1069302,30693,"Nashville, TN",TN,12451,1245102,31136,"Jacksonville, FL",FL,2135,2202,17,2219,25,5,5,30,0,0,90,88,483,0,0,0,0,25
2023,1,1/2/23 0:00,19393,10693,1069302,30693,"Nashville, TN",TN,12889,1288904,32211,"Las Vegas, NV",NV,615,620,12,632,806,7,835,813,0,0,260,233,1587,,,,,
2023,1,1/2/23 0:00,19393,10693,1069302,30693,"Nashville, TN",TN,12889,1288904,32211,"Las Vegas, NV",NV,1145,1215,12,1227,1408,4,1400,1412,0,0,255,237,1587,,,,,
2023,1,1/2/23 0:00,19393,10693,1069302,30693,"Nashville, TN",TN,12889,1288904,32211,"Las Vegas, NV",NV,2235,2332,7,2339,128,3,50,131,0,0,255,239,1587,0,0,0,0,41
2023,1,1/2/23 0:00,19393,10693,1069302,30693,"Nashville, TN",TN,12892,1289208,32575,"Los Angeles, CA",CA,835,920,12,932,1136,7,1120,1143,0,0,285,263,1797,23,0,0,0,0
2023,1,1/2/23 0:00,19393,10693,1069302,30693,"Nashville, TN",TN,12892,1289208,32575,"Los Angeles, CA",CA,1940,1947,13,2000,2218,9,2230,2227,0,0,290,280,1797,,,,,
2023,1,1/2/23 0:00,19393,10693,1069302,30693,"Nashville, TN",TN,12953,1295304,31703,"New York, NY",NY,555,552,9,601,848,8,910,856,0,0,135,124,764,,,,,
2023,1,1/2/23 0:00,19393,10693,1069302,30693,"Nashville, TN",TN,12953,1295304,31703,"New York, NY",NY,1020,1018,7,1025,1309,5,1335,1314,0,0,135,116,764,,,,,
2023,1,1/2/23 0:00,19393,10693,1069302,30693,"Nashville, TN",TN,12953,1295304,31703,"New York, NY",NY,1215,1213,15,1228,1514,13,1525,1527,0,0,130,134,764,,,,,
2023,1,1/2/23 0:00,19393,10693,1069302,30693,"Nashville, TN",TN,12953,1295304,31703,"New York, NY",NY,1450,1450,20,1510,1755,5,1805,1800,0,0,135,130,764,,,,,
2023,1,1/2/23 0:00,19393,10693,1069302,30693,"Nashville, TN",TN,12953,1295304,31703,"New York, NY",NY,2015,2022,11,2033,2312,5,2325,2317,0,0,130,115,764,,,,,
2023,1,1/2/23 0:00,19393,10693,1069302,30693,"Nashville, TN",TN,12954,1295407,32575,"Long Beach, CA",CA,1700,1818,10,1828,2051,3,1940,2054,0,0,280,276,1785,26,0,0,0,48
2023,1,1/2/23 0:00,19393,10693,1069302,30693,"Nashville, TN",TN,13198,1319801,33198,"Kansas City, MO",MO,800,759,14,813,925,6,945,931,0,0,105,92,491,,,,,
2023,1,1/2/23 0:00,19393,10693,1069302,30693,"Nashville, TN",TN,13198,1319801,33198,"Kansas City, MO",MO,1715,1713,11,1724,1856,5,1900,1901,0,0,105,108,491,,,,,
2023,1,1/2/23 0:00,19393,10693,1069302,30693,"Nashville, TN",TN,13198,1319801,33198,"Kansas City, MO",MO,2235,2235,15,2250,8,4,20,12,0,0,105,97,491,,,,,
2023,1,1/2/23 0:00,19393,10693,1069302,30693,"Nashville, TN",TN,13204,1320402,31454,"Orlando, FL",FL,500,457,9,506,731,14,755,745,0,0,115,108,616,,,,,
2023,1,1/2/23 0:00,19393,10693,1069302,30693,"Nashville, TN",TN,13204,1320402,31454,"Orlando, FL",FL,835,846,11,857,1118,16,1130,1134,0,0,115,108,616,,,,,
2023,1,1/2/23 0:00,19393,10693,1069302,30693,"Nashville, TN",TN,13204,1320402,31454,"Orlando, FL",FL,1400,1620,10,1630,1851,9,1655,1900,0,0,115,100,616,0,0,125,0,0
2023,1,1/2/23 0:00,19393,10693,1069302,30693,"Nashville, TN",TN,13204,1320402,31454,"Orlando, FL",FL,1755,1916,9,1925,2147,8,2050,2155,0,0,115,99,616,0,0,32,0,33
2023,1,1/2/23 0:00,19393,10693,1069302,30693,"Nashville, TN",TN,13204,1320402,31454,"Orlando, FL",FL,2010,2255,14,2309,131,4,2300,135,0,0,110,100,616,0,0,0,0,155
2023,1,1/2/23 0:00,19393,10693,1069302,30693,"Nashville, TN",TN,13204,1320402,31454,"Orlando, FL",FL,2155,2303,12,2315,136,4,45,140,0,0,110,97,616,0,0,0,0,55
2023,1,1/2/23 0:00,19393,10693,1069302,30693,"Nashville, TN",TN,13232,1323202,30977,"Chicago, IL",IL,515,804,10,814,921,3,655,924,0,0,100,80,395,0,0,149,0,0
2023,1,1/2/23 0:00,19393,10693,1069302,30693,"Nashville, TN",TN,13232,1323202,30977,"Chicago, IL",IL,1135,1135,15,1150,1256,3,1310,1259,0,0,95,84,395,,,,,
2023,1,1/2/23 0:00,19393,10693,1069302,30693,"Nashville, TN",TN,13232,1323202,30977,"Chicago, IL",IL,1245,1311,11,1322,1426,5,1420,1431,0,0,95,80,395,,,,,
2023,1,1/2/23 0:00,19393,10693,1069302,30693,"Nashville, TN",TN,13232,1323202,30977,"Chicago, IL",IL,1755,1844,13,1857,2005,4,1930,2009,0,0,95,85,395,0,36,0,0,3
2023,1,1/2/23 0:00,19393,10693,1069302,30693,"Nashville, TN",TN,13232,1323202,30977,"Chicago, IL",IL,2030,2112,13,2125,2230,4,2205,2234,0,0,95,82,395,28,0,0,0,1
2023,1,1/2/23 0:00,19393,10693,1069302,30693,"Nashville, TN",TN,13232,1323202,30977,"Chicago, IL",IL,2240,2250,11,2301,1,4,15,5,0,0,95,75,395,,,,,
2023,1,1/2/23 0:00,19393,10693,1069302,30693,"Nashville, TN",TN,13303,1330303,32467,"Miami, FL",FL,930,929,8,937,1223,15,1250,1238,0,0,140,129,806,,,,,
2023,1,1/2/23 0:00,19393,10693,1069302,30693,"Nashville, TN",TN,13303,1330303,32467,"Miami, FL",FL,2145,2241,13,2254,139,3,100,142,0,0,135,121,806,42,0,0,0,0
2023,1,1/2/23 0:00,19393,10693,1069302,30693,"Nashville, TN",TN,13342,1334207,33342,"Milwaukee, WI",WI,925,,,,,,1100,,1,0,95,,475,,,,,
2023,1,1/2/23 0:00,19393,10693,1069302,30693,"Nashville, TN",TN,13342,1334207,33342,"Milwaukee, WI",WI,2035,2035,14,2049,2203,3,2210,2206,0,0,95,91,475,,,,,
2023,1,1/2/23 0:00,19393,10693,1069302,30693,"Nashville, TN",TN,13487,1348702,31650,"Minneapolis, MN",MN,1500,1510,9,1519,1659,5,1710,1704,0,0,130,114,695,,,,,
2023,1,1/2/23 0:00,19393,10693,1069302,30693,"Nashville, TN",TN,13495,1349505,33495,"New Orleans, LA",LA,750,750,15,805,916,4,930,920,0,0,100,90,471,,,,,
2023,1,1/2/23 0:00,19393,10693,1069302,30693,"Nashville, TN",TN,13495,1349505,33495,"New Orleans, LA",LA,1330,1340,11,1351,1502,4,1505,1506,0,0,95,86,471,,,,,
2023,1,1/2/23 0:00,19393,10693,1069302,30693,"Nashville, TN",TN,13495,1349505,33495,"New Orleans, LA",LA,2245,2236,9,2245,1,3,20,4,0,0,95,88,471,,,,,
2023,1,1/2/23 0:00,19393,10693,1069302,30693,"Nashville, TN",TN,13577,1357702,31135,"Myrtle Beach, SC",SC,950,949,12,1001,1200,3,1215,1203,0,0,85,74,471,,,,,
2023,1,1/2/23 0:00,19393,10693,1069302,30693,"Nashville, TN",TN,13577,1357702,31135,"Myrtle Beach, SC",SC,1705,1658,20,1718,1920,4,1930,1924,0,0,85,86,471,,,,,
2023,1,1/2/23 0:00,19393,10693,1069302,30693,"Nashville, TN",TN,13930,1393008,30977,"Chicago, IL",IL,555,553,22,615,731,18,755,749,0,0,120,116,409,,,,,
2023,1,1/2/23 0:00,19393,10693,1069302,30693,"Nashville, TN",TN,13930,1393008,30977,"Chicago, IL",IL,1000,1003,9,1012,1127,9,1155,1136,0,0,115,93,409,,,,,
2023,1,1/2/23 0:00,19393,10693,1069302,30693,"Nashville, TN",TN,13930,1393008,30977,"Chicago, IL",IL,1315,1350,11,1401,1516,91,1505,1647,0,0,110,177,409,0,0,102,0,0
2023,1,1/2/23 0:00,19393,10693,1069302,30693,"Nashville, TN",TN,13930,1393008,30977,"Chicago, IL",IL,1700,1744,7,1751,,,1850,,0,1,110,,409,,,,,
2023,1,1/2/23 0:00,19393,10693,1069302,30693,"Nashville, TN",TN,13931,1393102,33667,"Norfolk, VA",VA,1455,1456,9,1505,1718,16,1740,1734,0,0,105,98,585,,,,,
2023,1,1/2/23 0:00,19393,10693,1069302,30693,"Nashville, TN",TN,14100,1410005,34100,"Philadelphia, PA",PA,1040,1048,9,1057,1332,5,1340,1337,0,0,120,109,675,,,,,
2023,1,1/2/23 0:00,19393,10693,1069302,30693,"Nashville, TN",TN,14100,1410005,34100,"Philadelphia, PA",PA,2035,2240,16,2256,120,4,2330,124,0,0,115,104,675,0,0,0,0,114
2023,1,1/2/23 0:00,19393,10693,1069302,30693,"Nashville, TN",TN,14107,1410702,30466,"Phoenix, AZ",AZ,505,506,12,518,741,5,810,746,0,0,245,220,1449,,,,,
2023,1,1/2/23 0:00,19393,10693,1069302,30693,"Nashville, TN",TN,14107,1410702,30466,"Phoenix, AZ",AZ,1115,1112,12,1124,1349,8,1415,1357,0,0,240,225,1449,,,,,
2023,1,1/2/23 0:00,19393,10693,1069302,30693,"Nashville, TN",TN,14107,1410702,30466,"Phoenix, AZ",AZ,1610,1635,9,1644,1914,5,1910,1919,0,0,240,224,1449,,,,,
2023,1,1/2/23 0:00,19393,10693,1069302,30693,"Nashville, TN",TN,14107,1410702,30466,"Phoenix, AZ",AZ,2240,2311,8,2319,139,5,140,144,0,0,240,213,1449,,,,,
2023,1,1/2/23 0:00,19393,10693,1069302,30693,"Nashville, TN",TN,14122,1412202,30198,"Pittsburgh, PA",PA,945,945,12,957,1200,4,1215,1204,0,0,90,79,462,,,,,
2023,1,1/2/23 0:00,19393,10693,1069302,30693,"Nashville, TN",TN,14122,1412202,30198,"Pittsburgh, PA",PA,2035,2033,11,2044,2246,3,2305,2249,0,0,90,76,462,,,,,
2023,1,1/2/23 0:00,19393,10693,1069302,30693,"Nashville, TN",TN,14193,1419306,33728,"Pensacola, FL",FL,800,858,11,909,1007,3,925,1010,0,0,85,72,391,0,0,45,0,0
2023,1,1/2/23 0:00,19393,10693,1069302,30693,"Nashville, TN",TN,14193,1419306,33728,"Pensacola, FL",FL,1625,,,,,,1750,,1,0,85,,391,,,,,
2023,1,1/2/23 0:00,19393,10693,1069302,30693,"Nashville, TN",TN,14492,1449202,34492,"Raleigh/Durham, NC",NC,950,946,13,959,1201,5,1220,1206,0,0,90,80,442,,,,,
2023,1,1/2/23 0:00,19393,10693,1069302,30693,"Nashville, TN",TN,14492,1449202,34492,"Raleigh/Durham, NC",NC,1455,1455,12,1507,1714,3,1725,1717,0,0,90,82,442,,,,,
2023,1,1/2/23 0:00,19393,10693,1069302,30693,"Nashville, TN",TN,14492,1449202,34492,"Raleigh/Durham, NC",NC,2040,2106,7,2113,2313,3,2305,2316,0,0,85,70,442,,,,,
2023,1,1/2/23 0:00,19393,10693,1069302,30693,"Nashville, TN",TN,14635,1463502,31714,"Fort Myers, FL",FL,1100,1054,8,1102,1339,4,1405,1343,0,0,125,109,722,,,,,
2023,1,1/2/23 0:00,19393,10693,1069302,30693,"Nashville, TN",TN,14635,1463502,31714,"Fort Myers, FL",FL,2145,2259,9,2308,145,3,50,148,0,0,125,109,722,0,0,0,0,58
2023,1,1/2/23 0:00,19393,10693,1069302,30693,"Nashville, TN",TN,14679,1467903,33570,"San Diego, CA",CA,925,940,16,956,1152,3,1200,1155,0,0,275,255,1751,,,,,
2023,1,1/2/23 0:00,19393,10693,1069302,30693,"Nashville, TN",TN,14679,1467903,33570,"San Diego, CA",CA,1905,2006,12,2018,2228,4,2140,2232,0,0,275,266,1751,1,0,0,0,51
2023,1,1/2/23 0:00,19393,10693,1069302,30693,"Nashville, TN",TN,14683,1468305,33214,"San Antonio, TX",TX,750,750,13,803,1010,4,1025,1014,0,0,155,144,822,,,,,
2023,1,1/2/23 0:00,19393,10693,1069302,30693,"Nashville, TN",TN,14683,1468305,33214,"San Antonio, TX",TX,2240,2325,8,2333,141,4,110,145,0,0,150,140,822,0,0,0,0,35
2023,1,1/2/23 0:00,19393,10693,1069302,30693,"Nashville, TN",TN,14685,1468502,34685,"Savannah, GA",GA,945,942,13,955,1157,4,1210,1201,0,0,85,79,417,,,,,
2023,1,1/2/23 0:00,19393,10693,1069302,30693,"Nashville, TN",TN,14685,1468502,34685,"Savannah, GA",GA,1705,1701,14,1715,1914,13,1930,1927,0,0,85,86,417,,,,,
2023,1,1/2/23 0:00,19393,10693,1069302,30693,"Nashville, TN",TN,14831,1483106,32457,"San Jose, CA",CA,1415,1413,8,1421,1653,3,1720,1656,0,0,305,283,1947,,,,,
2023,1,1/2/23 0:00,19393,10693,1069302,30693,"Nashville, TN",TN,14908,1490803,32575,"Santa Ana, CA",CA,1130,1133,13,1146,1357,4,1415,1401,0,0,285,268,1772,,,,,
2023,1,1/2/23 0:00,19393,10693,1069302,30693,"Nashville, TN",TN,14986,1498603,34986,"Sarasota/Bradenton, FL",FL,900,855,13,908,1134,3,1155,1137,0,0,115,102,648,,,,,
2023,1,1/2/23 0:00,19393,10693,1069302,30693,"Nashville, TN",TN,14986,1498603,34986,"Sarasota/Bradenton, FL",FL,1620,1910,7,1917,2144,2,1910,2146,0,0,110,96,648,0,0,152,0,4
2023,1,1/2/23 0:00,19393,10693,1069302,30693,"Nashville, TN",TN,15016,1501606,31123,"St. Louis, MO",MO,800,758,13,811,901,5,915,906,0,0,75,68,272,,,,,
2023,1,1/2/23 0:00,19393,10693,1069302,30693,"Nashville, TN",TN,15016,1501606,31123,"St. Louis, MO",MO,1355,1402,8,1410,1500,3,1510,1503,0,0,75,61,272,,,,,
2023,1,1/2/23 0:00,19393,10693,1069302,30693,"Nashville, TN",TN,15016,1501606,31123,"St. Louis, MO",MO,2015,2111,15,2126,2222,4,2130,2226,0,0,75,75,272,0,0,0,0,56
2023,1,1/2/23 0:00,19393,10693,1069302,30693,"Nashville, TN",TN,15304,1530402,33195,"Tampa, FL",FL,500,456,12,508,727,31,750,758,0,0,110,122,612,,,,,
2023,1,1/2/23 0:00,19393,10693,1069302,30693,"Nashville, TN",TN,15304,1530402,33195,"Tampa, FL",FL,725,755,19,814,1040,3,1015,1043,0,0,110,108,612,0,0,0,0,28
2023,1,1/2/23 0:00,19393,10693,1069302,30693,"Nashville, TN",TN,15304,1530402,33195,"Tampa, FL",FL,1350,1641,12,1653,1914,4,1635,1918,0,0,105,97,612,0,0,127,0,36
2023,1,1/2/23 0:00,19393,10693,1069302,30693,"Nashville, TN",TN,15304,1530402,33195,"Tampa, FL",FL,1750,1940,9,1949,2212,4,2040,2216,0,0,110,96,612,95,0,0,0,1
2023,1,1/2/23 0:00,19393,10693,1069302,30693,"Nashville, TN",TN,15304,1530402,33195,"Tampa, FL",FL,2145,2153,12,2205,26,4,35,30,0,0,110,97,612,,,,,
2023,1,1/2/23 0:00,19393,10713,1071302,30713,"Boise, ID",ID,11292,1129202,30325,"Denver, CO",CO,645,641,31,712,1328,6,835,1334,0,1,110,,649,,,,,
2023,1,1/2/23 0:00,19393,10713,1071302,30713,"Boise, ID",ID,11292,1129202,30325,"Denver, CO",CO,1320,,,,,,1510,,1,0,110,,649,,,,,
2023,1,1/2/23 0:00,19393,10713,1071302,30713,"Boise, ID",ID,11292,1129202,30325,"Denver, CO",CO,1755,1753,10,1803,1937,11,1945,1948,0,0,110,115,649,,,,,
2023,1,1/2/23 0:00,19393,10713,1071302,30713,"Boise, ID",ID,12889,1288904,32211,"Las Vegas, NV",NV,525,523,19,542,559,4,605,603,0,0,100,100,519,,,,,
2023,1,1/2/23 0:00,19393,10713,1071302,30713,"Boise, ID",ID,12889,1288904,32211,"Las Vegas, NV",NV,1910,1921,8,1929,1950,5,1950,1955,0,0,100,94,519,,,,,
2023,1,1/2/23 0:00,19393,10713,1071302,30713,"Boise, ID",ID,13796,1379609,32457,"Oakland, CA",CA,710,707,20,727,745,6,800,751,0,0,110,104,512,,,,,
2023,1,1/2/23 0:00,19393,10713,1071302,30713,"Boise, ID",ID,13796,1379609,32457,"Oakland, CA",CA,1200,1154,7,1201,1222,2,1245,1224,0,0,105,90,512,,,,,
2023,1,1/2/23 0:00,19393,10713,1071302,30713,"Boise, ID",ID,13796,1379609,32457,"Oakland, CA",CA,1820,1910,7,1917,1934,5,1905,1939,0,0,105,89,512,5,0,0,0,29
2023,1,1/2/23 0:00,19393,10713,1071302,30713,"Boise, ID",ID,14107,1410702,30466,"Phoenix, AZ",AZ,600,558,18,616,747,11,805,758,0,0,125,120,735,,,,,
2023,1,1/2/23 0:00,19393,10713,1071302,30713,"Boise, ID",ID,14107,1410702,30466,"Phoenix, AZ",AZ,1420,1443,10,1453,1627,5,1620,1632,0,0,120,109,735,,,,,
2023,1,1/2/23 0:00,19393,10713,1071302,30713,"Boise, ID",ID,14679,1467903,33570,"San Diego, CA",CA,1250,1257,8,1305,1352,2,1405,1354,0,0,135,117,749,,,,,
2023,1,1/2/23 0:00,19393,10713,1071302,30713,"Boise, ID",ID,14831,1483106,32457,"San Jose, CA",CA,1110,1104,7,1111,1149,2,1200,1151,0,0,110,107,523,,,,,
2023,1,1/2/23 0:00,19393,10713,1071302,30713,"Boise, ID",ID,14831,1483106,32457,"San Jose, CA",CA,1715,1715,9,1724,1751,1,1755,1752,0,0,100,97,523,,,,,
2023,1,1/2/23 0:00,19393,10713,1071302,30713,"Boise, ID",ID,14893,1489302,33192,"Sacramento, CA",CA,1040,1140,8,1148,1153,4,1110,1157,0,0,90,77,437,0,0,0,0,47
2023,1,1/2/23 0:00,19393,10713,1071302,30713,"Boise, ID",ID,14893,1489302,33192,"Sacramento, CA",CA,1650,1650,8,1658,1705,4,1720,1709,0,0,90,79,437,,,,,
2023,1,1/2/23 0:00,19393,10721,1072102,30721,"Boston, MA",MA,10693,1069302,30693,"Nashville, TN",TN,505,508,11,519,638,6,705,644,0,0,180,156,942,,,,,
2023,1,1/2/23 0:00,19393,10721,1072102,30721,"Boston, MA",MA,10693,1069302,30693,"Nashville, TN",TN,1215,1229,15,1244,1403,4,1410,1407,0,0,175,158,942,,,,,
2023,1,1/2/23 0:00,19393,10721,1072102,30721,"Boston, MA",MA,10693,1069302,30693,"Nashville, TN",TN,1955,1954,13,2007,2134,6,2155,2140,0,0,180,166,942,,,,,
2023,1,1/2/23 0:00,19393,10721,1072102,30721,"Boston, MA",MA,10821,1082106,30852,"Baltimore, MD",MD,515,514,20,534,637,13,655,650,0,0,100,96,369,,,,,
2023,1,1/2/23 0:00,19393,10721,1072102,30721,"Boston, MA",MA,10821,1082106,30852,"Baltimore, MD",MD,830,825,10,835,941,4,1010,945,0,0,100,80,369,,,,,
2023,1,1/2/23 0:00,19393,10721,1072102,30721,"Boston, MA",MA,10821,1082106,30852,"Baltimore, MD",MD,1135,1412,16,1428,1530,7,1310,1537,0,0,95,85,369,8,0,0,0,139
2023,1,1/2/23 0:00,19393,10721,1072102,30721,"Boston, MA",MA,10821,1082106,30852,"Baltimore, MD",MD,1330,1331,20,1351,1454,3,1505,1457,0,0,95,86,369,,,,,
2023,1,1/2/23 0:00,19393,10721,1072102,30721,"Boston, MA",MA,10821,1082106,30852,"Baltimore, MD",MD,1730,2056,9,2105,2212,5,1905,2217,0,0,95,81,369,0,0,0,0,192
2023,1,1/2/23 0:00,19393,10721,1072102,30721,"Boston, MA",MA,10821,1082106,30852,"Baltimore, MD",MD,2040,2039,9,2048,2152,7,2220,2159,0,0,100,80,369,,,,,
2023,1,1/2/23 0:00,19393,10721,1072102,30721,"Boston, MA",MA,10821,1082106,30852,"Baltimore, MD",MD,2155,2150,15,2205,2308,7,2335,2315,0,0,100,85,369,,,,,
2023,1,1/2/23 0:00,19393,10721,1072102,30721,"Boston, MA",MA,11292,1129202,30325,"Denver, CO",CO,1700,1859,13,1912,2141,10,1955,2151,0,0,295,292,1754,13,0,0,0,103
2023,1,1/2/23 0:00,19393,10721,1072102,30721,"Boston, MA",MA,13232,1323202,30977,"Chicago, IL",IL,500,459,12,511,745,4,650,749,0,0,170,230,861,0,0,59,0,0
2023,1,1/2/23 0:00,19393,10721,1072102,30721,"Boston, MA",MA,13232,1323202,30977,"Chicago, IL",IL,1150,1148,11,1159,1323,3,1340,1326,0,0,170,158,861,,,,,
2023,1,1/2/23 0:00,19393,10721,1072102,30721,"Boston, MA",MA,13232,1323202,30977,"Chicago, IL",IL,1510,1513,13,1526,1655,2,1655,1657,0,0,165,164,861,,,,,
2023,1,1/2/23 0:00,19393,10721,1072102,30721,"Boston, MA",MA,13232,1323202,30977,"Chicago, IL",IL,2225,2239,6,2245,,,20,,0,1,175,,861,,,,,
2023,1,1/2/23 0:00,19393,10721,1072102,30721,"Boston, MA",MA,15016,1501606,31123,"St. Louis, MO",MO,620,615,14,629,819,4,830,823,0,0,190,188,1047,,,,,
2023,1,1/2/23 0:00,19393,10721,1072102,30721,"Boston, MA",MA,15016,1501606,31123,"St. Louis, MO",MO,1900,1855,11,1906,2102,4,2115,2106,0,0,195,191,1047,,,,,
2023,1,1/2/23 0:00,19393,10792,1079206,30792,"Buffalo, NY",NY,10821,1082106,30852,"Baltimore, MD",MD,515,513,8,521,608,6,640,614,0,0,85,61,281,,,,,
2023,1,1/2/23 0:00,19393,10792,1079206,30792,"Buffalo, NY",NY,10821,1082106,30852,"Baltimore, MD",MD,935,933,12,945,1031,3,1050,1034,0,0,75,61,281,,,,,
2023,1,1/2/23 0:00,19393,10792,1079206,30792,"Buffalo, NY",NY,10821,1082106,30852,"Baltimore, MD",MD,1210,1213,8,1221,1304,7,1325,1311,0,0,75,58,281,,,,,
2023,1,1/2/23 0:00,19393,10792,1079206,30792,"Buffalo, NY",NY,10821,1082106,30852,"Baltimore, MD",MD,1725,1725,23,1748,1834,10,1840,1844,0,0,75,79,281,,,,,
2023,1,1/2/23 0:00,19393,10792,1079206,30792,"Buffalo, NY",NY,11292,1129202,30325,"Denver, CO",CO,1720,1723,11,1734,1901,11,1905,1912,0,0,225,229,1359,,,,,
2023,1,1/2/23 0:00,19393,10792,1079206,30792,"Buffalo, NY",NY,11697,1169706,32467,"Fort Lauderdale, FL",FL,1505,1808,15,1823,2115,4,1805,2119,0,0,180,191,1166,0,0,173,0,21
2023,1,1/2/23 0:00,19393,10792,1079206,30792,"Buffalo, NY",NY,13204,1320402,31454,"Orlando, FL",FL,720,716,12,728,936,7,1010,943,0,0,170,147,1011,,,,,
2023,1,1/2/23 0:00,19393,10792,1079206,30792,"Buffalo, NY",NY,13204,1320402,31454,"Orlando, FL",FL,1640,1854,13,1907,2139,9,1920,2148,0,0,160,174,1011,0,0,111,0,37
2023,1,1/2/23 0:00,19393,10792,1079206,30792,"Buffalo, NY",NY,13232,1323202,30977,"Chicago, IL",IL,535,535,9,544,943,5,635,948,0,1,120,,468,,,,,
2023,1,1/2/23 0:00,19393,10792,1079206,30792,"Buffalo, NY",NY,13232,1323202,30977,"Chicago, IL",IL,1205,1209,7,1216,1241,3,1250,1244,0,0,105,95,468,,,,,
2023,1,1/2/23 0:00,19393,10792,1079206,30792,"Buffalo, NY",NY,13232,1323202,30977,"Chicago, IL",IL,2040,2046,6,2052,2120,4,2130,2124,0,0,110,98,468,,,,,
2023,1,1/2/23 0:00,19393,10792,1079206,30792,"Buffalo, NY",NY,15304,1530402,33195,"Tampa, FL",FL,1005,1014,13,1027,1258,7,1300,1305,0,0,175,171,1053,,,,,
2023,1,1/2/23 0:00,19393,10792,1079206,30792,"Buffalo, NY",NY,15304,1530402,33195,"Tampa, FL",FL,1745,1953,7,2000,2235,5,2035,2240,0,0,170,167,1053,0,0,122,0,3
2023,1,1/2/23 0:00,19393,10800,1080003,32575,"Burbank, CA",CA,10140,1014005,30140,"Albuquerque, NM",NM,1610,1616,13,1629,1853,3,1900,1856,0,0,110,100,672,,,,,
2023,1,1/2/23 0:00,19393,10800,1080003,32575,"Burbank, CA",CA,10423,1042302,30423,"Austin, TX",TX,1050,1113,16,1129,1552,30,1545,1622,0,0,175,189,1241,14,0,14,0,9
2023,1,1/2/23 0:00,19393,10800,1080003,32575,"Burbank, CA",CA,11259,1125904,30194,"Dallas, TX",TX,700,704,15,719,1207,2,1200,1209,0,0,180,185,1243,,,,,
2023,1,1/2/23 0:00,19393,10800,1080003,32575,"Burbank, CA",CA,11292,1129202,30325,"Denver, CO",CO,710,1022,17,1039,1326,7,1035,1333,0,0,145,131,850,0,0,178,0,0
2023,1,1/2/23 0:00,19393,10800,1080003,32575,"Burbank, CA",CA,11292,1129202,30325,"Denver, CO",CO,1110,,,,,,1425,,1,0,135,,850,,,,,
2023,1,1/2/23 0:00,19393,10800,1080003,32575,"Burbank, CA",CA,11292,1129202,30325,"Denver, CO",CO,1450,1523,14,1537,1828,20,1805,1848,0,0,135,145,850,8,0,10,0,25
2023,1,1/2/23 0:00,19393,10800,1080003,32575,"Burbank, CA",CA,11292,1129202,30325,"Denver, CO",CO,2120,150,19,209,449,5,35,454,0,0,135,124,850,0,0,0,0,259
2023,1,1/2/23 0:00,19393,10800,1080003,32575,"Burbank, CA",CA,12889,1288904,32211,"Las Vegas, NV",NV,725,722,14,736,816,4,835,820,0,0,70,58,223,,,,,
2023,1,1/2/23 0:00,19393,10800,1080003,32575,"Burbank, CA",CA,12889,1288904,32211,"Las Vegas, NV",NV,835,835,9,844,921,7,950,928,0,0,75,53,223,,,,,
2023,1,1/2/23 0:00,19393,10800,1080003,32575,"Burbank, CA",CA,12889,1288904,32211,"Las Vegas, NV",NV,1150,1157,16,1213,1253,7,1255,1300,0,0,65,63,223,,,,,
2023,1,1/2/23 0:00,19393,10800,1080003,32575,"Burbank, CA",CA,12889,1288904,32211,"Las Vegas, NV",NV,1350,1351,15,1406,1443,8,1455,1451,0,0,65,60,223,,,,,
2023,1,1/2/23 0:00,19393,10800,1080003,32575,"Burbank, CA",CA,12889,1288904,32211,"Las Vegas, NV",NV,1520,1518,10,1528,1605,6,1630,1611,0,0,70,53,223,,,,,
2023,1,1/2/23 0:00,19393,10800,1080003,32575,"Burbank, CA",CA,12889,1288904,32211,"Las Vegas, NV",NV,1835,1848,10,1858,1939,4,1935,1943,0,0,60,55,223,,,,,
2023,1,1/2/23 0:00,19393,10800,1080003,32575,"Burbank, CA",CA,12889,1288904,32211,"Las Vegas, NV",NV,1950,2133,19,2152,2239,4,2050,2243,0,0,60,70,223,0,0,10,0,103
2023,1,1/2/23 0:00,19393,10800,1080003,32575,"Burbank, CA",CA,12889,1288904,32211,"Las Vegas, NV",NV,2055,2121,10,2131,2211,20,2200,2231,0,0,65,70,223,9,0,5,0,17
2023,1,1/2/23 0:00,19393,10800,1080003,32575,"Burbank, CA",CA,13796,1379609,32457,"Oakland, CA",CA,705,705,20,725,821,5,830,826,0,0,85,81,325,,,,,
2023,1,1/2/23 0:00,19393,10800,1080003,32575,"Burbank, CA",CA,13796,1379609,32457,"Oakland, CA",CA,905,913,18,931,1037,3,1025,1040,0,0,80,87,325,8,0,7,0,0
2023,1,1/2/23 0:00,19393,10800,1080003,32575,"Burbank, CA",CA,13796,1379609,32457,"Oakland, CA",CA,1000,1124,11,1135,1239,3,1120,1242,0,0,80,78,325,0,0,0,0,82
2023,1,1/2/23 0:00,19393,10800,1080003,32575,"Burbank, CA",CA,13796,1379609,32457,"Oakland, CA",CA,1400,1413,10,1423,1527,4,1515,1531,0,0,75,78,325,0,0,3,0,13
2023,1,1/2/23 0:00,19393,10800,1080003,32575,"Burbank, CA",CA,13796,1379609,32457,"Oakland, CA",CA,1645,1654,13,1707,1810,20,1800,1830,0,0,75,96,325,0,0,21,0,9
2023,1,1/2/23 0:00,19393,10800,1080003,32575,"Burbank, CA",CA,13796,1379609,32457,"Oakland, CA",CA,1845,1852,23,1915,2018,3,2000,2021,0,0,75,89,325,0,0,14,0,7
2023,1,1/2/23 0:00,19393,10800,1080003,32575,"Burbank, CA",CA,13796,1379609,32457,"Oakland, CA",CA,1950,1952,13,2005,2112,5,2105,2117,0,0,75,85,325,,,,,
2023,1,1/2/23 0:00,19393,10800,1080003,32575,"Burbank, CA",CA,13796,1379609,32457,"Oakland, CA",CA,2055,2239,10,2249,2353,4,2210,2357,0,0,75,78,325,11,0,3,0,93
2023,1,1/2/23 0:00,19393,10800,1080003,32575,"Burbank, CA",CA,14107,1410702,30466,"Phoenix, AZ",AZ,715,712,20,732,925,8,950,933,0,0,95,81,369,,,,,
2023,1,1/2/23 0:00,19393,10800,1080003,32575,"Burbank, CA",CA,14107,1410702,30466,"Phoenix, AZ",AZ,910,909,9,918,1114,5,1145,1119,0,0,95,70,369,,,,,
2023,1,1/2/23 0:00,19393,10800,1080003,32575,"Burbank, CA",CA,14107,1410702,30466,"Phoenix, AZ",AZ,1245,1255,12,1307,1504,9,1515,1513,0,0,90,78,369,,,,,
2023,1,1/2/23 0:00,19393,10800,1080003,32575,"Burbank, CA",CA,14107,1410702,30466,"Phoenix, AZ",AZ,1635,1701,14,1715,1914,7,1905,1921,0,0,90,80,369,2,0,0,0,14
2023,1,1/2/23 0:00,19393,10800,1080003,32575,"Burbank, CA",CA,14107,1410702,30466,"Phoenix, AZ",AZ,1810,1807,10,1817,2012,8,2035,2020,0,0,85,73,369,,,,,
2023,1,1/2/23 0:00,19393,10800,1080003,32575,"Burbank, CA",CA,14107,1410702,30466,"Phoenix, AZ",AZ,2105,,,,,,2330,,1,0,85,,369,,,,,
2023,1,1/2/23 0:00,19393,10800,1080003,32575,"Burbank, CA",CA,14570,1457002,34570,"Reno, NV",NV,1615,1614,9,1623,1727,3,1735,1730,0,0,80,76,374,,,,,
2023,1,1/2/23 0:00,19393,10800,1080003,32575,"Burbank, CA",CA,14771,1477104,32457,"San Francisco, CA",CA,800,758,16,814,910,4,915,914,0,0,75,76,326,,,,,
2023,1,1/2/23 0:00,19393,10800,1080003,32575,"Burbank, CA",CA,14771,1477104,32457,"San Francisco, CA",CA,1150,1146,11,1157,1302,3,1315,1305,0,0,85,79,326,,,,,
2023,1,1/2/23 0:00,19393,10800,1080003,32575,"Burbank, CA",CA,14771,1477104,32457,"San Francisco, CA",CA,1450,1623,16,1639,1750,3,1610,1753,0,0,80,90,326,0,0,10,0,93
2023,1,1/2/23 0:00,19393,10800,1080003,32575,"Burbank, CA",CA,14771,1477104,32457,"San Francisco, CA",CA,2040,2350,10,2400,,,2200,,0,1,80,,326,,,,,
2023,1,1/2/23 0:00,19393,10800,1080003,32575,"Burbank, CA",CA,14831,1483106,32457,"San Jose, CA",CA,730,725,17,742,832,3,845,835,0,0,75,70,296,,,,,
2023,1,1/2/23 0:00,19393,10800,1080003,32575,"Burbank, CA",CA,14831,1483106,32457,"San Jose, CA",CA,905,914,24,938,1032,4,1020,1036,0,0,75,82,296,9,0,7,0,0
2023,1,1/2/23 0:00,19393,10800,1080003,32575,"Burbank, CA",CA,14831,1483106,32457,"San Jose, CA",CA,1015,1056,13,1109,1206,3,1130,1209,0,0,75,73,296,5,0,0,0,34
2023,1,1/2/23 0:00,19393,10800,1080003,32575,"Burbank, CA",CA,14831,1483106,32457,"San Jose, CA",CA,1210,1217,27,1244,1340,3,1325,1343,0,0,75,86,296,7,0,11,0,0
2023,1,1/2/23 0:00,19393,10800,1080003,32575,"Burbank, CA",CA,14831,1483106,32457,"San Jose, CA",CA,1430,1426,12,1438,1540,3,1540,1543,0,0,70,77,296,,,,,
2023,1,1/2/23 0:00,19393,10800,1080003,32575,"Burbank, CA",CA,14831,1483106,32457,"San Jose, CA",CA,1540,1534,15,1549,1642,2,1650,1644,0,0,70,70,296,,,,,
2023,1,1/2/23 0:00,19393,10800,1080003,32575,"Burbank, CA",CA,14831,1483106,32457,"San Jose, CA",CA,1745,1847,29,1916,2309,10,1855,2319,0,1,70,,296,,,,,
2023,1,1/2/23 0:00,19393,10800,1080003,32575,"Burbank, CA",CA,14831,1483106,32457,"San Jose, CA",CA,2030,2120,12,2132,2237,4,2140,2241,0,0,70,81,296,0,0,11,0,50
2023,1,1/2/23 0:00,19393,10800,1080003,32575,"Burbank, CA",CA,14869,1486903,34614,"Salt Lake City, UT",UT,1050,,,,,,1335,,1,0,105,,574,,,,,
2023,1,1/2/23 0:00,19393,10800,1080003,32575,"Burbank, CA",CA,14893,1489302,33192,"Sacramento, CA",CA,720,849,16,905,1009,3,850,1012,0,0,90,83,358,82,0,0,0,0
2023,1,1/2/23 0:00,19393,10800,1080003,32575,"Burbank, CA",CA,14893,1489302,33192,"Sacramento, CA",CA,835,837,14,851,957,4,955,1001,0,0,80,84,358,,,,,
2023,1,1/2/23 0:00,19393,10800,1080003,32575,"Burbank, CA",CA,14893,1489302,33192,"Sacramento, CA",CA,1300,1309,10,1319,1425,3,1420,1428,0,0,80,79,358,,,,,
2023,1,1/2/23 0:00,19393,10800,1080003,32575,"Burbank, CA",CA,14893,1489302,33192,"Sacramento, CA",CA,1450,1447,12,1459,1607,4,1615,1611,0,0,85,84,358,,,,,
2023,1,1/2/23 0:00,19393,10800,1080003,32575,"Burbank, CA",CA,14893,1489302,33192,"Sacramento, CA",CA,1725,1745,11,1756,1905,3,1845,1908,0,0,80,83,358,3,0,3,0,17
2023,1,1/2/23 0:00,19393,10800,1080003,32575,"Burbank, CA",CA,14893,1489302,33192,"Sacramento, CA",CA,1905,1900,20,1920,2027,5,2025,2032,0,0,80,92,358,,,,,
2023,1,1/2/23 0:00,19393,10800,1080003,32575,"Burbank, CA",CA,14893,1489302,33192,"Sacramento, CA",CA,2055,2133,10,2143,2248,4,2210,2252,0,0,75,79,358,0,0,4,0,38
2023,1,1/2/23 0:00,19393,10821,1082106,30852,"Baltimore, MD",MD,10140,1014005,30140,"Albuquerque, NM",NM,1055,,,,,,1325,,1,0,270,,1670,,,,,
2023,1,1/2/23 0:00,19393,10821,1082106,30852,"Baltimore, MD",MD,10257,1025702,30257,"Albany, NY",NY,730,730,9,739,832,3,850,835,0,0,80,65,289,,,,,
2023,1,1/2/23 0:00,19393,10821,1082106,30852,"Baltimore, MD",MD,10257,1025702,30257,"Albany, NY",NY,1030,1030,10,1040,1132,3,1145,1135,0,0,75,65,289,,,,,
2023,1,1/2/23 0:00,19393,10821,1082106,30852,"Baltimore, MD",MD,10257,1025702,30257,"Albany, NY",NY,1535,1537,8,1545,1637,3,1650,1640,0,0,75,63,289,,,,,
2023,1,1/2/23 0:00,19393,10821,1082106,30852,"Baltimore, MD",MD,10257,1025702,30257,"Albany, NY",NY,2255,2257,10,2307,2355,3,5,2358,0,0,70,61,289,,,,,
2023,1,1/2/23 0:00,19393,10821,1082106,30852,"Baltimore, MD",MD,10397,1039707,30397,"Atlanta, GA",GA,630,629,21,650,823,9,840,832,0,0,130,123,577,,,,,
2023,1,1/2/23 0:00,19393,10821,1082106,30852,"Baltimore, MD",MD,10397,1039707,30397,"Atlanta, GA",GA,910,917,12,929,1056,8,1115,1104,0,0,125,107,577,,,,,
2023,1,1/2/23 0:00,19393,10821,1082106,30852,"Baltimore, MD",MD,10397,1039707,30397,"Atlanta, GA",GA,1320,1332,19,1351,1522,6,1515,1528,0,0,115,116,577,,,,,
2023,1,1/2/23 0:00,19393,10821,1082106,30852,"Baltimore, MD",MD,10397,1039707,30397,"Atlanta, GA",GA,1840,2119,19,2138,2308,5,2040,2313,0,0,120,114,577,0,0,0,0,153
2023,1,1/2/23 0:00,19393,10821,1082106,30852,"Baltimore, MD",MD,10397,1039707,30397,"Atlanta, GA",GA,2025,2154,8,2202,2330,8,2220,2338,0,0,115,104,577,78,0,0,0,0